grid,stake,geometry
BT,-1,658148.683915768|6763040.53984536
BT,0,658116.815435331|6763038.002406
BT,1,658125.261768041|6763067.37685819
BT,A0,658092.570390069|6763034.69006995
BT,A1,658095.115790714|6763062.68588501
BT,A2,658105.085824619|6763094.35884606
BT,A3,658112.599125505|6763120.34577092
BT,A4,658124.340710086|6763148.75198565
BT,B0,658063.55056655|6763041.20252117
BT,B1,658068.701784745|6763071.54512149
BT,B2,658076.314721957|6763095.30581496
BT,B3,658086.533091625|6763121.41334947
BT,B4,658091.683929088|6763151.75598934
BT,C0,658028.525349527|6763060.83084702
BT,C1,657974.566259619|6763079.61534338
BT,C2,658044.783998411|6763109.51340313
BT,C3,658053.280333392|6763137.7746045
BT,C4,658065.463968589|6763168.43089903
BT,D0,658000.93525828|6763059.60053296
BT,D1,658011.744910549|6763084.61888847
BT,D2,658021.373169388|6763111.81518007
BT,D3,658025.98360952|6763142.13359152
BT,D4,658037.184813501|6763170.51538386
BT,D5,658049.959052182|6763200.08267782
BT,E0,657977.176786289|6763069.69413344
BT,E1,657987.395959507|6763095.80137071
BT,E2,657992.349176642|6763130.59615627
BT,E3,657998.240280647|6763156.51046787
BT,E4,658007.530982715|6763166.96234734
BT,E5,658024.280596071|6763216.78201478
BT,F0,657948.549643679|6763079.5708644
BT,F1,657958.421658619|6763113.46954828
BT,F2,657966.725033745|6763133.91488584
BT,F3,657974.874528425|6763169.96742355
BT,F4,657986.716238391|6763196.14701899
BT,F5,657995.560171154|6763216.61655016
BT,F6,658004.597500586|6763244.90175665
BT,G0,657923.511085381|6763094.06889716
BT,G1,657933.631333549|6763122.40212814
BT,G2,657938.490554629|6763147.15503497
BT,G3,657946.689903224|6763182.09442857
BT,G4,657955.727729819|6763210.3795032
BT,G5,657971.107974872|6763242.29323566
BT,G6,657975.917061936|6763268.15927783
BT,G7,657981.167749003|6763296.27559879
BT,G8,657989.912140803|6763318.97127218
BT,H0,657891.196673049|6763101.55116669
BT,H1,657900.47857144|6763136.53865474
BT,H2,657907.35304755|6763164.72717279
BT,H3,657917.031414391|6763190.81009822
BT,H4,657928.183663215|6763220.30461386
BT,H5,657942.040469333|6763249.91973227
BT,H6,657945.916702852|6763272.39827633
BT,H7,657953.579496414|6763295.04562838
BT,H8,657954.304277563|6763327.42129548
BT,I0,657863.652004597|6763111.47678698
BT,I1,657871.707959636|6763137.48727891
BT,I2,657880.890726358|6763174.70086902
BT,I3,657888.455004321|6763199.57422357
BT,I4,657896.853067898|6763230.06119138
BT,I5,657913.955790236|6763259.82083602
BT,I6,657917.092800217|6763286.72754359
BT,I7,657925.192669639|6763323.89304579
BT,I8,657940.329349757|6763349.1040809
BT,J0,657836.107499363|6763121.40261928
BT,J1,657840.277678775|6763149.470517
BT,J2,657850.299201583|6763180.02965871
BT,J3,657855.010112906|6763208.12167655
BT,J4,657865.572249133|6763238.70496664
BT,J5,657882.084628001|6763269.55343028
BT,J6,657899.272368314|6763333.89070131
BT,J7,657904.523503728|6763362.00690323
BT,J8,657903.932962119|6763363.09587228
BT,J9,657914.935800482|6763395.92958616
BT,K0,657807.039386809|6763129.03023174
BT,K1,657814.406006147|6763158.35572885
BT,K2,657822.854404669|6763187.72943296
BT,K3,657830.662521804|6763219.30521818
BT,K4,657836.996362299|6763247.46950018
BT,K5,657847.657671547|6763275.82658279
BT,K6,657866.770947973|6763321.28957388
BT,K7,657874.086924768|6763351.72828855
BT,K8,657875.308333107|6763372.97316197
BT,K9,657886.951521937|6763403.60473539
BT,L0,657778.215007358|6763143.36063491
BT,L1,657785.928774744|6763164.89452613
BT,L2,657796.198542189|6763189.888121
BT,L3,657804.498270837|6763222.60101389
BT,L4,657810.931456089|6763248.53909157
BT,L5,657819.330014279|6763279.02586939
BT,L6,657829.793014563|6763311.83520815
BT,L7,657848.563689092|6763352.82169602
BT,L8,657846.440468841|6763376.14811881
BT,L9,657854.7391315|6763408.86114631
BT,M0,657747.227000708|6763157.59493615
BT,M1,657758.92172051|6763187.11298111
BT,M2,657767.370476555|6763216.48654833
BT,M3,657775.773748216|6763234.70527272
BT,M4,657784.515331729|6763269.66836229
BT,M5,657792.670516511|6763293.45251926
BT,M6,657803.23284878|6763324.03562178
BT,M7,657820.380936483|6763364.94968142
BT,M8,657817.027300612|6763391.56716233
BT,N0,657720.273726112|6763166.43266491
BT,N1,657731.919078957|6763197.06369668
BT,N2,657735.057560152|6763223.97022227
BT,N3,657752.558073635|6763244.82444308
BT,N4,657755.840807663|6763280.65969939
BT,N5,657764.879791673|6763308.94427228
BT,N6,657777.015549796|6763340.71263148
BT,N7,657792.004446801|6763369.26225392
BT,N8,657790.174675401|6763398.17818464
BT,O0,657692.874768519|6763185.28830377
BT,O1,657701.819461069|6763203.53092119
BT,O2,657707.464768104|6763235.01011633
BT,O3,657721.07555751|6763270.18973959
BT,P0,657664.203757269|6763184.01244915
BT,P1,657673.243780695|6763212.29677294
BT,P2,657676.725502144|6763243.67962858
BT,P3,657686.355712452|6763270.87498442
BT,Q0,657635.578516887|6763193.89168399
BT,Q1,657645.898732434|6763217.77175153
BT,Q2,657659.757835532|6763247.38573412
BT,Q3,657667.125305174|6763276.71091463
BT,Q4,657670.606958675|6763308.09376595
BT,R0,657606.854426613|6763205.99730671
BT,R1,657620.271975965|6763233.36090877
BT,R2,657626.755973895|6763258.18555499
BT,R3,657632.154205148|6763295.23002013
BT,S0,657578.130541016|6763218.10315964
BT,S1,660295.941792547|6763362.32102288
BT,S2,657597.491464952|6763270.26718176
BT,S3,657609.434492172|6763294.21932621
BT,T0,657547.635519441|6763233.47632382
BT,T1,657563.807635911|6763259.84689342
SU,-31,660655.251175696|6761306.30128454
SU,-32,660633.526898631|6761283.0104096
SU,-33,660620.512948748|6761258.99889878
SU,-34,660600.122725897|6761230.1920298
SU,-35,660582.136080477|6761208.18613561
SU,-36,660569.373473336|6761178.60957799
SU,-37,660553.891161552|6761161.17858018
SU,-38,660533.109663451|6761129.00845913
SU,-39,660520.245538963|6761101.65818827
SU,-310,660501.175111973|6761079.60371841
SU,-311,660486.145354923|6761052.15558193
SU,-312,660470.422948549|6761028.02216821
SU,-315,660424.58874655|6760950.1060882
SU,-316,660411.6726753|6760923.8692856
SU,-317,660394.715469405|6760903.02640548
SU,-318,660372.936513203|6760880.85024194
SU,-319,660355.588521054|6760856.64392417
SU,-320,660335.634286987|6760830.08922434
SU,-21,660627.092502029|6761317.29423915
SU,-22,660613.147394688|6761289.8945703
SU,-23,660597.376622464|6761266.87361167
SU,-24,660577.967994366|6761240.34199805
SU,-25,660558.017793189|6761213.7859869
SU,-26,660542.535599708|6761196.35503682
SU,-27,660524.107920651|6761172.09884049
SU,-28,660504.207280045|6761144.43009484
SU,-29,660491.83391661|6761118.21747845
SU,-210,660475.369118592|6761098.51173801
SU,-215,660395.093865429|6760966.61718732
SU,-216,660376.172900458|6760941.22426088
SU,-217,660358.976256384|6760913.67876889
SU,-218,660341.187685986|6760887.22194115
SU,-219,660319.99994812|6760863.95753224
SU,-220,660306.831188475|6760843.28638431
SU,-11,660599.814862971|6761332.78864003
SU,-12,660585.46635807|6761314.29347204
SU,-13,660570.72765074|6761292.43470668
SU,-14,660554.616958872|6761264.93723535
SU,-15,660534.666748348|6761238.38135553
SU,-16,660517.372189433|6761213.06115131
SU,-17,660501.751570569|6761186.70148396
SU,-18,660484.50687164|6761160.26839806
SU,-19,660468.583534318|6761140.58718324
SU,-110,660449.764848393|6761112.96774099
SU,-111,660433.601941568|6761086.58389739
SU,-115,660367.814815358|6760982.11339129
SU,-116,660350.757021465|6760963.49682173
SU,-117,660337.248846289|6760938.34887173
SU,-118,660314.437479407|6760915.01106997
SU,-119,660304.227058986|6760888.89702508
SU,-120,660302.828564673|6760859.83534326
SU,1,660573.909185839|6761353.92202576
SU,2,660561.43640798|6761329.93524331
SU,3,660542.179100485|6761300.06467578
SU,4,660525.136881751|6761269.17918105
SU,5,660509.516607971|6761242.81947416
SU,6,660495.910026545|6761219.8969837
SU,7,660475.70725099|6761198.90669451
SU,8,660461.068079019|6761174.82230287
SU,9,660443.82302311|6761148.38941998
SU,10,660430.756892076|6761125.4916826
SU,11,660412.819004915|6761102.37362026
SU,12,660394.98156321|6761077.02955084
SU,15,660344.174141084|6761001.12027942
SU,16,660322.848429868|6760968.9269583
SU,17,660305.689715309|6760952.53671229
SU,18,660287.019593985|6760921.57901443
SU,19,660274.983834925|6760899.84386446
SU,20,660259.750295082|6760876.84893245
SU,A1,660557.557780881|6761367.68088344
SU,A2,660542.667977437|6761349.16138077
SU,A3,660523.989251636|6761330.47041795
SU,A4,660453.463402946|6761294.93375315
SU,A5,660489.652648268|6761274.26493842
SU,A6,660469.752405426|6761246.59637969
SU,A7,660457.719030612|6761224.86057372
SU,A8,660440.96514255|6761199.56524371
SU,A9,660425.784472255|6761175.45651064
SU,A10,660406.965680431|6761147.83729675
SU,A11,660391.142560524|6761125.93033532
SU,A12,660372.272871424|6761099.42436456
SU,A13,660356.059007428|6761074.15393422
SU,A14,660336.20681553|6761045.37310783
SU,A15,660320.924055941|6761023.49094768
SU,A16,660305.301056061|6760997.13218093
SU,A17,660288.293342383|6760977.40286357
SU,A18,660276.308119977|6760954.55465382
SU,A19,660257.046153418|6760924.68570419
SU,A20,660238.224577568|6760897.06742729
SU,B1,660528.015081021|6761385.30389246
SU,B2,660510.771685468|6761358.87065883
SU,B3,660500.413137624|6761336.09515198
SU,B4,660481.105001065|6761307.33797225
SU,B5,660462.627206552|6761284.195141
SU,B6,660446.314209922|6761261.15037422
SU,B7,660427.445735797|6761234.64409161
SU,B8,660411.975642331|6761204.94567585
SU,B9,660393.345781565|6761185.14237251
SU,B10,660375.81072175|6761153.12008983
SU,B11,660360.037779676|6761130.10021852
SU,B12,660344.705249267|6761109.33099845
SU,B13,660327.257702107|6761087.35090449
SU,B14,660309.910565317|6761063.1447966
SU,B15,660290.359808979|6761027.68592444
SU,B16,660277.241894666|6761005.90182609
SU,B17,660258.521563494|6760976.05732823
SU,B18,660242.306270011|6760950.78743915
SU,B19,660224.706376879|6760932.14702789
SU,B20,660212.720576649|6760909.29904152
SU,C1,660501.330032227|6761399.71049284
SU,C2,660485.017882887|6761376.66553522
SU,C3,660468.907001506|6761349.16845529
SU,C4,660452.103500161|6761324.98611114
SU,C5,660429.93755806|6761299.44590697
SU,C6,660440.045432661|6761279.82732217
SU,C7,660395.838351788|6761249.94415237
SU,C8,660378.782125546|6761231.32742443
SU,C9,660362.078070539|6761204.91942335
SU,C10,660344.240872809|6761179.57560496
SU,C11,660322.324797418|6761148.47084353
SU,C12,660307.835336246|6761121.04794827
SU,C13,660294.717928582|6761099.2637775
SU,C14,660277.96224422|6761073.96924404
SU,C15,660255.944267551|6761045.09101577
SU,C16,660237.954544355|6761023.08691239
SU,C17,660221.248346174|6760996.6796067
SU,C18,660206.656824711|6760971.48325181
SU,C19,660187.634051336|6760948.31745391
SU,C20,660169.894729877|6760920.74844703
SU,D1,660481.089691897|6761415.52429838
SU,D2,660463.54390104|6761395.7695965
SU,D3,660443.002266488|6761370.30278486
SU,D4,660426.198711256|6761346.12056409
SU,D5,660407.771157369|6761321.86496958
SU,D6,660388.311174503|6761296.44745865
SU,D7,660373.130642735|6761272.33894834
SU,D8,660351.505060293|6761246.82372783
SU,D9,660336.324042017|6761222.71538233
SU,D10,660314.307562822|6761193.83676924
SU,D11,660298.584763117|6761169.70412196
SU,D12,660282.761116399|6761147.7976515
SU,D13,660261.435888843|6761115.60469146
SU,D14,660243.005906432|6761091.34998929
SU,D15,660228.26411563|6761069.49269263
SU,D16,660208.952198611|6761040.73705071
SU,D17,660191.113012322|6761015.39403198
SU,D18,660174.456711428|6760987.87389952
SU,D19,660157.800135537|6760960.3538494
SU,D20,660140.350663355|6760938.37470332
SU,E1,660454.153219728|6761435.49649812
SU,E2,660442.900794955|6761420.48801926
SU,E3,660424.675225496|6761391.78012718
SU,E4,660406.7891762|6761367.54902204
SU,E5,660386.939260918|6761338.76787693
SU,E6,660369.493234233|6761316.78755219
SU,E7,660353.670753092|6761294.88074786
SU,E8,660332.0072114|6761258.21065718
SU,E9,660316.133889016|6761237.41707944
SU,E10,660300.411324491|6761213.28442043
SU,E11,660278.243571576|6761187.74519108
SU,E12,660258.731570079|6761163.44146845
SU,E13,660245.815250955|6761137.20527165
SU,E14,660221.38087742|6761113.79467463
SU,E15,660209.005360916|6761087.58307577
SU,E16,660187.918693379|6761062.09334267
SU,E17,660168.795804016|6761041.15374445
SU,E18,660158.244575739|6761010.56346721
SU,E19,660133.808706413|6760987.15349566
SU,E20,660116.711026286|6760957.38309371
SU,F1,660425.794796846|6761450.94322994
SU,F2,660409.142633063|6761423.42193313
SU,F3,660394.554459221|6761398.22475457
SU,F4,660372.250132121|6761363.75601875
SU,F5,660355.496417582|6761338.46108909
SU,F6,660338.490795383|6761318.73149947
SU,F7,660321.434652722|6761300.11504588
SU,F8,660306.064684234|6761268.19099584
SU,F9,660289.15905458|6761246.23554898
SU,F10,660269.546870693|6761224.15786384
SU,F11,660253.483872661|6761195.54874627
SU,F12,660236.237452324|6761169.1168921
SU,F13,660216.725062489|6761144.81340626
SU,F14,660199.176391722|6761125.06005503
SU,F15,660186.750484694|6761099.96158791
SU,F16,660172.209501558|6761073.65231753
SU,F17,660146.942937443|6761044.62808536
SU,F18,660129.053090792|6761020.39843751
SU,F19,660119.131745543|6760999.87464638
SU,F20,660098.434437861|6760977.74906356
SU,G1,660406.977354582|6761471.28311867
SU,G2,660392.339047077|6761447.19899656
SU,G3,660372.980425172|6761419.55545757
SU,G4,660357.05781041|6761399.87473193
SU,G5,660340.3545217|6761373.46682102
SU,G6,660327.037084157|6761356.13471641
SU,G7,660305.424037217|6761318.35173354
SU,G8,660289.601186834|6761296.44522035
SU,G9,660270.681501196|6761271.05283627
SU,G10,660250.288647102|6761242.24801632
SU,G11,660238.644333108|6761223.87659022
SU,G12,660216.828268401|6761190.54638405
SU,G13,660202.577787459|6761169.82669756
SU,G14,660182.435134617|6761135.45702279
SU,G15,660166.019072696|6761114.63968779
SU,G16,660146.606422645|6761088.11049363
SU,G17,660133.047154698|6761064.07638532
SU,G18,660112.400598524|6761040.83766038
SU,G19,660099.43244335|6761015.71507354
SU,G20,660082.033179568|6760992.6231611
SU,H1,660374.881180786|6761485.44580213
SU,H2,660361.765743868|6761463.66135308
SU,H3,660342.897897771|6761437.15550995
SU,H4,660326.245040775|6761409.63461239
SU,H5,660310.372453666|6761388.84104913
SU,H6,660292.095350157|6761361.24690768
SU,H7,660279.671076796|6761336.14809007
SU,H8,660262.815965577|6761313.07971346
SU,H9,660244.487756786|6761286.59888149
SU,H10,660224.636063959|6761257.81867087
SU,H11,660211.719916008|6761231.58259506
SU,H12,660194.813533946|6761209.62760892
SU,H13,660177.2768908|6761177.60633012
SU,H14,660159.728193359|6761157.85317433
SU,H15,660145.287832363|6761129.31790663
SU,H16,660127.738700931|6761109.56491557
SU,H17,660109.559088359|6761079.74565352
SU,H18,660093.733871316|6761057.84004941
SU,H19,660077.618374284|6761030.34481539
SU,H20,660059.677756808|6761007.2285789
SU,I1,660352.665842696|6761508.9782425
SU,I2,660338.7195931|6761481.57966745
SU,I3,660319.209804171|6761457.27557867
SU,I4,660301.32344433|6761433.04500951
SU,I5,660280.000355631|6761400.85190486
SU,I6,660267.475546974|6761377.97923244
SU,I7,660249.047148392|6761353.72447463
SU,I8,660233.966590952|6761327.39046402
SU,I9,660213.523531021|6761299.69890619
SU,I10,660194.703917069|6761272.08082947
SU,I11,660181.045231958|6761250.2726256
SU,I12,660168.368349184|6761230.73948051
SU,I13,660151.121519344|6761204.30804583
SU,I14,660128.813515918|6761169.8408954
SU,I15,660114.902694857|6761153.59822556
SU,I16,660100.902740517|6761127.31369114
SU,I17,660077.851441358|6761097.2746526
SU,I18,660062.617656508|6761074.28056954
SU,I19,660043.644844548|6761050.00249339
SU,I20,660028.561299088|6761023.66940105
SU,J1,660324.950342408|6761522.22414218
SU,J2,660308.738394134|6761496.95389792
SU,J3,660288.548592275|6761463.69662394
SU,J4,660272.927632998|6761437.33796745
SU,J5,660248.747215371|6761408.36188543
SU,J6,660235.039158838|6761387.66651186
SU,J7,660221.481819439|6761363.63203596
SU,J8,660201.970538163|6761339.32861428
SU,J9,660188.412764937|6761315.29427131
SU,J10,660168.069841263|6761285.37687597
SU,J11,660151.364577989|6761258.96988421
SU,J12,660135.6913166|6761233.7249159
SU,J13,660123.605656594|6761213.10332579
SU,J14,660104.243572905|6761185.46130502
SU,J15,660087.297527246|6761152.35186988
SU,J16,660067.683580136|6761130.27532689
SU,J17,660052.890704807|6761109.53182493
SU,J18,660034.610025035|6761081.93906365
SU,J19,660017.752020101|6761058.87189469
SU,K1,660303.679369198|6761536.87694283
SU,K2,660284.660600353|6761513.71056406
SU,K3,660269.430160505|6761490.71554244
SU,K4,660253.557667598|6761469.92223173
SU,K5,660235.972760655|6761439.01368359
SU,K6,660218.576697287|6761415.9210531
SU,K7,660200.538577685|6761395.03016304
SU,K8,660182.310976469|6761366.32354576
SU,K9,660170.17582834|6761346.81483786
SU,K10,660150.323946101|6761318.03504547
SU,K11,660135.091703932|6761295.04062775
SU,K12,660117.844997955|6761268.60935267
SU,K13,660094.114368081|6761229.61688094
SU,K14,660081.436941522|6761210.08405444
SU,K15,660063.056587052|6761184.71724183
SU,K16,660046.690353927|6761162.78741081
SU,K17,660031.066114788|6761136.42986865
SU,K18,660009.928337645|6761112.05426046
SU,K19,659995.436369198|6761084.6326774
SU,K20,659976.463183016|6761060.35496593
SU,L1,660273.799409757|6761550.02535713
SU,L2,660255.812668139|6761528.02111783
SU,L3,660236.063217544|6761497.01471349
SU,L4,660221.361579008|6761486.31240049
SU,L5,660203.096362932|6761446.45068236
SU,L6,660207.790255235|6761426.58691584
SU,L7,660168.454513312|6761396.92667789
SU,L8,660156.269138752|6761378.5310698
SU,L9,660137.159674309|6761345.32358412
SU,L10,660116.855170409|6761326.56146284
SU,L11,660099.017000332|6761301.21889093
SU,L12,660084.716121181|6761281.61273322
SU,L13,660068.80273135|6761249.66530623
SU,L14,660048.848962666|6761223.1122106
SU,L15,660032.583313161|6761198.95633453
SU,L16,660017.349751021|6761175.96244209
SU,L17,660002.757703748|6761150.76693222
SU,L18,659982.110903841|6761127.52896884
SU,L19,659965.403450804|6761101.12288539
SU,L20,659949.086409743|6761078.08046484
SU,M1,660248.337851549|6761573.41164508
SU,M2,660233.749304581|6761548.21513225
SU,M3,660217.637465435|6761520.71920617
SU,M4,660203.639971703|6761494.43422844
SU,M5,660186.584099972|6761475.81841887
SU,M6,660162.944541662|6761446.86737908
SU,M7,660152.383045113|6761428.54512716
SU,M8,660135.086943626|6761403.22680806
SU,M9,660112.679715478|6761370.98584547
SU,M10,660094.691006619|6761348.98245257
SU,M11,660081.925082483|6761319.40769489
SU,M12,660065.308439876|6761303.04303489
SU,M13,660044.032638239|6761269.73833834
SU,M14,660032.83951046|6761241.3501129
SU,M15,660014.408781651|6761217.09660859
SU,M16,659995.676461343|6761199.5215323
SU,M17,659976.955045942|6761169.67853445
SU,M18,659959.706507488|6761143.24805544
SU,M19,659944.67303336|6761115.80226606
SU,M20,659927.613861302|6761097.18775102
SU,N1,660226.966901848|6761590.29100253
SU,N2,660208.350338405|6761558.22061415
SU,N3,660189.822039198|6761536.19225888
SU,N4,660174.741972489|6761509.85849175
SU,N5,660150.561349619|6761480.88308171
SU,N6,660136.412377973|6761457.93753904
SU,N7,660118.134390168|6761430.34430628
SU,N8,660104.67699971|6761404.08417753
SU,N9,660081.426759442|6761378.49729883
SU,N10,660074.564336142|6761350.30441924
SU,N11,660055.88330604|6761331.61595546
SU,N12,660034.356440519|6761303.87658561
SU,N13,659834.063162236|6761271.42072994
SU,N14,660002.75742098|6761258.95304501
SU,N15,659986.391221859|6761237.02349136
SU,N16,659969.684397776|6761210.61737798
SU,N17,659951.152662677|6761188.59032084
SU,N18,659935.087002022|6761159.98268354
SU,N19,659916.755549655|6761133.50359277
SU,N20,659904.076790637|6761113.97141977
SU,O1,660193.26092455|6761592.113894
SU,O2,660185.456444002|6761572.80074807
SU,O3,660163.630511617|6761551.7388724
SU,O4,660146.586550534|6761520.85521941
SU,O5,660130.323108339|6761496.69886166
SU,O6,660113.707587061|6761480.33395819
SU,O7,660096.562285148|6761451.6766653
SU,O8,660077.692475761|6761425.17226141
SU,O9,660061.679309214|6761395.45096282
SU,O10,660044.772927907|6761373.49669105
SU,O11,660029.930847872|6761353.86632311
SU,O12,660015.981458128|6761326.46906319
SU,O13,659997.300000716|6761307.78091426
SU,O14,659982.368071359|6761278.10883867
SU,O15,659965.561016979|6761253.92885126
SU,O16,659943.391269944|6761228.39174348
SU,O17,659931.455118288|6761204.43165822
SU,O18,659915.72987902|6761180.30074305
SU,O19,659840.614457131|6761150.14639103
SU,O20,659879.116835025|6761126.22980503
SU,P1,660173.212274304|6761615.74524859
SU,P2,660150.404697328|6761592.40844425
SU,P3,660141.668385623|6761569.70734425
SU,P4,660126.878015603|6761548.96349555
SU,P5,660108.210064201|6761518.00670283
SU,P6,660094.061002152|6761495.06133018
SU,P7,660076.965882943|6761465.29107905
SU,P8,660057.945280085|6761442.12594296
SU,P9,660042.222082466|6761417.99443629
SU,P10,660025.957417934|6761393.83857529
SU,P11,660010.334222974|6761367.48110788
SU,P12,659991.904090243|6761343.22771124
SU,P13,659977.653057884|6761322.50893558
SU,P14,659957.258271471|6761293.70582791
SU,P15,659942.125123256|6761268.4861478
SU,P16,659927.873468617|6761247.76758146
SU,P17,659905.413123174|6761216.64102686
SU,P18,659891.361779395|6761191.47039167
SU,P19,659874.01238718|6761167.26644753
SU,P20,659859.369140914|6761143.18459801
SU,Q1,660145.989242015|6761630.13003048
SU,Q2,660131.009875352|6761601.57033949
SU,Q3,660114.696491744|6761578.52710182
SU,Q4,660101.088967503|6761555.60613749
SU,Q5,660081.036872448|6761531.27893516
SU,Q6,660059.12107989|6761500.1757934
SU,Q7,660050.132692795|6761483.0402029
SU,Q8,660032.345205609|6761456.58490468
SU,Q9,660010.629398906|6761421.0298589
SU,Q10,659997.511535044|6761399.24679205
SU,Q11,659978.439823485|6761377.19515025
SU,Q12,659960.70142745|6761349.62717323
SU,Q13,659944.335455795|6761327.69780989
SU,Q14,659931.417610552|6761301.46277844
SU,Q15,659917.567635205|6761271.83980928
SU,Q16,659898.003618547|6761248.65115246
SU,Q17,659881.837493986|6761222.26986842
SU,Q18,659865.570752481|6761198.11477391
SU,Q19,659846.547232994|6761174.95081495
SU,Q20,659831.312398061|6761151.95773989
SU,R1,660122.794439853|6761651.38888038
SU,R2,660108.935968143|6761634.03314858
SU,R3,660093.515643858|6761603.22307165
SU,R4,660078.284461534|6761580.22888104
SU,R5,660057.841900942|6761552.53821175
SU,R6,660041.087069405|6761527.24478216
SU,R7,660022.317794533|6761498.51456271
SU,R8,660007.13588222|6761474.40763746
SU,R9,659987.91400688|6761455.69510115
SU,R10,659972.341077861|6761428.22474508
SU,R11,659953.369816419|6761403.94712759
SU,R12,659936.663668948|6761377.54115891
SU,R13,659918.043268736|6761345.47235116
SU,R14,659901.727218593|6761322.43013288
SU,R15,659884.919879822|6761298.25053142
SU,R16,659866.588888725|6761271.77169239
SU,R17,659854.16132672|6761246.67441288
SU,R18,659832.532038178|6761221.16241058
SU,R19,659814.200216957|6761194.68385471
SU,R20,659799.015438427|6761170.57786331
SU,S1,660098.668300848|6761669.25983812
SU,S2,660081.272667711|6761646.16787373
SU,S3,660060.880811127|6761617.3641259
SU,S4,660042.011754162|6761590.85989999
SU,S5,660027.76214284|6761570.14090133
SU,S6,660007.52006646|6761537.99831036
SU,S7,659994.743003341|6761520.69188999
SU,S8,659973.85864594|6761490.75118726
SU,S9,659958.575949517|6761468.87058511
SU,S10,659947.031472213|6761448.27401329
SU,S11,659922.949023208|6761417.07407729
SU,S12,659905.941548169|6761397.34658828
SU,S13,659889.385600083|6761367.60168076
SU,S14,659869.330936705|6761343.27571347
SU,S15,659855.330119084|6761316.99215921
SU,S16,659806.63851076|6761290.26035501
SU,S17,659819.158742232|6761265.17234067
SU,S18,659800.776925148|6761239.80690793
SU,S19,659781.803410479|6761215.53024161
SU,S20,659768.583008225|6761195.97416821
SU,T1,660069.431963553|6761680.20828084
SU,T2,660051.645751889|6761653.75286622
SU,T3,660034.740704136|6761631.79862182
SU,T4,660017.885674603|6761608.73140646
SU,T5,660006.10224685|6761581.43187437
SU,T6,659985.307582774|6761561.53301418
SU,T7,659968.161743466|6761532.87634906
SU,T8,659948.209065117|6761506.32380222
SU,T9,659931.944254318|6761482.16837391
SU,T10,659917.202499162|6761460.31236744
SU,T11,659895.0840567|6761433.662489
SU,T12,659877.97614673|6761416.16124643
SU,T13,659861.721173921|6761379.73813405
SU,T14,659844.763354295|6761358.89789002
SU,T15,659831.153166917|6761335.97800085
SU,T16,659812.771849659|6761310.61249834
SU,T17,659793.307743421|6761285.19831176
SU,T18,659779.055335319|6761264.48035411
SU,T19,659759.791305902|6761234.61413199
SU,T20,659742.8321389|6761213.77439538
SU,U1,660045.167068258|6761689.15072809
SU,U2,660029.093367785|6761672.81064251
SU,U3,660015.284791357|6761654.3422269
SU,U4,659995.974887962|6761625.58771145
SU,U5,659980.983073278|6761609.29669849
SU,U6,659960.539979646|6761581.60659756
SU,U7,659938.0712225|6761562.74782016
SU,U8,659922.649090655|6761531.93851253
SU,U9,659908.549141349|6761507.88083988
SU,U10,659887.223160375|6761475.69013767
SU,U11,659875.968597419|6761460.68348834
SU,U12,659854.982514597|6761432.96961754
SU,U13,659839.899539105|6761406.63731651
SU,U14,659820.486383926|6761380.10991271
SU,U15,659806.976471622|6761354.96400399
KL,-89,660485.630545647|6761866.32347962
KL,-810,660505.187113671|6761889.51548801
KL,-811,660519.079796091|6761918.02781605
KL,-812,660531.009217342|6761941.98997924
KL,-813,660545.694644602|6761964.96167412
KL,-73,660398.731187065|6761689.5145637
KL,-74,660416.225337891|6761710.38201541
KL,-75,660432.88873698|6761725.6353222
KL,-76,660449.199374524|6761748.68006373
KL,-77,660467.42262592|6761777.38811772
KL,-78,660485.104385883|6761806.07177165
KL,-79,660502.496627578|6761829.1657665
KL,-710,660514.61491457|6761860.94371986
KL,-711,660537.757889335|6761888.75963372
KL,-712,660556.52078053|6761917.49267513
KL,-713,660575.044693732|6761939.52301122
KL,-63,660427.918257315|6761679.68187321
KL,-64,660449.049545576|6761704.06006878
KL,-65,660466.543335823|6761724.92777399
KL,-66,660488.114487787|6761751.55680706
KL,-67,660501.769118659|6761773.3662543
KL,-68,660520.381803108|6761805.43824016
KL,-69,660536.590673158|6761830.70949799
KL,-610,660558.600953732|6761859.58958429
KL,-611,660575.992442319|6761882.68395074
KL,-612,660592.792108995|6761906.86694025
KL,-613,660609.288970029|6761937.72830788
KL,-52,660440.756984781|6761635.64965099
KL,-53,660459.031350872|6761663.2445997
KL,-54,660479.180916543|6761685.34788682
KL,-55,660496.133448249|6761706.19124165
KL,-56,660517.16332761|6761732.79595266
KL,-57,660532.881818185|6761756.92963409
KL,-58,660549.242077001|6761778.86179733
KL,-59,660564.519764842|6761800.74501807
KL,-510,660577.6325484|6761822.53025682
KL,-511,660601.894616034|6761861.55062496
KL,-512,660613.585125117|6761878.81025814
KL,-513,660633.039955749|6761904.22908265
KL,-514,660651.95333553|6761929.62349408
KL,-515,660666.197805802|6761950.34507612
KL,-40,660440.606896875|6761591.02966178
KL,-41,660449.794621885|6761603.71407083
KL,-42,660466.98669941|6761631.26007351
KL,-43,660484.430409025|6761653.24091274
KL,-44,660501.773116242|6761677.44794122
KL,-45,660520.24836046|6761700.59101517
KL,-46,660541.920101498|6761724.99427853
KL,-47,660556.808132528|6761743.51380514
KL,-48,660575.131407276|6761769.99632482
KL,-49,660594.977095361|6761798.77858693
KL,-410,660610.644315044|6761824.02567487
KL,-411,660628.136542459|6761844.89420034
KL,-412,660642.922706469|6761865.64020129
KL,-413,660659.873357149|6761886.48436684
KL,-414,660679.378273688|6761910.79040213
KL,-415,660701.840992991|6761929.65396507
KL,-30,660514.614785798|6761585.45681894
KL,-31,660480.367242355|6761587.25248234
KL,-32,660492.701335792|6761602.31008949
KL,-33,660508.030617763|6761623.07999843
KL,-34,660525.864147007|6761648.42469595
KL,-35,660543.156209586|6761673.74498017
KL,-36,660560.498420132|6761697.9523031
KL,-37,660579.853907316|6761725.59691252
KL,-38,660595.723285449|6761746.3917296
KL,-39,660613.152100996|6761780.64127977
KL,-310,660630.204237287|6761799.2591959
KL,-311,660650.691363281|6761825.84020155
KL,-312,660666.069108894|6761845.49777446
KL,-313,660681.937398644|6761866.2929936
KL,-314,660694.558492594|6761886.94110204
KL,-315,660718.984112044|6761910.35508866
KL,-20,660486.372521288|6761538.44975843
KL,-21,660497.221263245|6761562.36278439
KL,-22,660514.954432627|6761589.93352083
KL,-23,660532.939297917|6761611.93910179
KL,-24,660622.803364192|6761639.43117681
KL,-25,660569.839509272|6761659.3387176
KL,-26,660588.754803679|6761684.73276292
KL,-27,660606.147078352|6761707.82726502
KL,-28,660624.860116916|6761737.67370757
KL,-29,660645.008239452|6761759.77795815
KL,-210,660657.730861515|6761778.19982812
KL,-211,660673.549093795|6761800.10805248
KL,-212,660685.73023087|6761818.50550039
KL,-213,660707.638529095|6761849.61262399
KL,-214,660724.336593409|6761876.02234269
KL,-215,660736.856476524|6761898.89670182
KL,-10,5223035.89156277|-19995929.6093672
KL,-11,660522.533453607|6761542.31740881
KL,-12,660544.15585648|6761567.8337196
KL,-13,660557.269767211|6761589.61886556
KL,-14,660575.405617775|6761608.28551684
KL,-15,660598.109621687|6761633.85119238
KL,-16,660613.337313709|6761656.84766568
KL,-17,660632.15146687|6761684.46804459
KL,-18,660646.635762739|6761711.89234266
KL,-19,660665.109907981|6761735.03618735
KL,-110,660681.519949977|6761755.85592175
KL,-111,660697.929791814|6761776.67573506
KL,-112,660715.407933709|6761809.81275595
KL,-113,660730.482635703|6761836.14890059
KL,-114,660747.873189852|6761859.24412337
KL,-115,660772.349167135|6761881.54543139
KL,0,660524.939214979|6761501.15907231
KL,1,660547.254305022|6761523.36075242
KL,2,660563.514891328|6761547.51906309
KL,3,660585.136979859|6761573.03562832
KL,4,660603.56190145|6761597.29218366
KL,5,660623.660608564|6761620.50934683
KL,6,660638.686482941|6761647.9581258
KL,7,660659.32585212|6761671.20002069
KL,8,660674.452092547|6761696.42286189
KL,9,660692.926156382|6761719.56685259
KL,10,660710.959692346|6761740.46031447
KL,11,660726.085234441|6761765.68338637
KL,12,660743.476207927|6761788.77858117
KL,13,660762.829766128|6761816.42421763
KL,14,660777.904096226|6761842.76056922
KL,15,660794.111010685|6761868.0330324
KL,A0,660547.394629623|6761484.33049861
KL,A1,660571.484601607|6761503.26670474
KL,A2,660587.254327431|6761526.28756462
KL,A3,660605.138292326|6761550.51961075
KL,A4,660621.398358354|6761574.67819446
KL,A5,660642.919004147|6761602.42121834
KL,A6,660658.146573885|6761625.41788562
KL,A7,660676.570712205|6761649.67483186
KL,A8,660696.416386551|6761678.45766101
KL,A9,660712.234898485|6761700.3660534
KL,A10,660729.525398761|6761725.68726912
KL,A11,660749.672982426|6761747.79212216
KL,A12,660768.636989583|6761772.07410509
KL,A13,660789.173788545|6761797.54287472
KL,A14,660804.890175186|6761821.67779238
KL,A15,660819.033306603|6761844.62608739
KL,A16,660842.275138875|6761870.21792523
KL,A17,660859.073139511|6761894.40220013
KL,A18,660877.544898284|6761917.5471869
KL,A19,660893.361127278|6761939.45642134
KL,A20,660910.259463837|6761961.41485644
KL,B0,660580.247732368|6761453.47362943
KL,B1,660594.091484167|6761483.09927577
KL,B2,660619.300685343|6761513.23984462
KL,B3,660633.006036902|6761533.93674275
KL,B4,660650.839226804|6761559.28207306
KL,B5,660666.167838426|6761580.052675
KL,B6,660683.307993195|6761608.7127958
KL,B7,660701.63116463|6761635.19596971
KL,B8,660722.458224076|6761666.25410466
KL,B9,660737.987762789|6761682.57283911
KL,B10,660756.071727165|6761702.35348302
KL,B11,660774.9854917|6761727.74854396
KL,B12,660791.041592003|6761756.36012576
KL,B13,660811.138133178|6761779.57838355
KL,B14,660826.803975599|6761804.82644609
KL,B15,660844.634285136|6761830.17279399
KL,B16,660862.51483253|6761854.40618895
KL,B17,660879.514831326|6761874.13837449
KL,B18,660895.23023683|6761898.2737071
KL,B19,660909.812570734|6761923.47303182
KL,B20,660925.57805278|6761946.49545943
KL,C0,660609.48767636|6761442.52935178
KL,C1,660622.537898239|6761477.69583969
KL,C2,660637.967925294|6761496.24021368
KL,C3,660657.96618903|6761521.68366203
KL,C4,660676.390939315|6761545.94059794
KL,C5,660694.714532024|6761572.42372965
KL,C6,660711.125258125|6761593.24359043
KL,C7,660730.03999014|6761618.63839706
KL,C8,660748.413235168|6761644.00877053
KL,C9,660763.740886139|6761664.77980847
KL,C10,660782.994113719|6761694.65164028
KL,C11,660803.682772491|6761716.78134548
KL,C12,660819.449968195|6761739.8032754
KL,C13,660840.174339969|6761773.08822098
KL,C14,660851.322893966|6761790.32409614
KL,C15,660876.866719295|6761824.94330462
KL,C16,660889.977555722|6761846.72972633
KL,C17,660906.977451256|6761866.462045
KL,C18,660919.005595952|6761888.19945365
KL,C19,660938.119243944|6761909.14323335
KL,C20,660949.317380837|6761925.2663849
KL,D0,660621.357822697|6761431.91373106
KL,D1,660643.975402177|6761447.43772789
KL,D2,660659.744963544|6761470.45891215
KL,D3,660675.752895631|6761500.18298586
KL,D4,660698.016660763|6761523.49867572
KL,D5,660718.555560694|6761548.96700467
KL,D6,660733.782926017|6761571.96399934
KL,D7,660752.358284913|6761592.88219823
KL,D8,660772.304681817|6761619.43935962
KL,D9,660785.8572737|6761643.47601031
KL,D10,660811.063654945|6761673.61798405
KL,D11,660828.014400988|6761694.46295113
KL,D12,660845.946332504|6761717.58320206
KL,D13,660866.0932838|6761739.68872571
KL,D14,660885.648279982|6761762.88285449
KL,D15,660899.401547101|6761782.46777433
KL,D16,660907.742850426|6761801.8071169
KL,D17,660931.272935759|6761832.98933629
KL,D18,660948.121091306|6761856.06099225
KL,D19,660967.03261548|6761881.45711067
KL,D20,660981.12391899|6761905.51911661
KL,E0,660646.859846295|6761419.68508214
KL,E1,660666.670355564|6761437.31271083
KL,E2,660686.026681655|6761464.95788594
KL,E3,660702.626106343|6761493.59356376
KL,E4,660723.417446666|6761513.49667807
KL,E5,660738.443115244|6761540.94588182
KL,E6,660761.738174888|6761565.42410259
KL,E7,660778.14856407|6761586.24427836
KL,E8,660798.347222626|6761607.2363514
KL,E9,660816.518122022|6761637.0592721
KL,E10,660834.99165483|6761660.20401028
KL,E11,660851.300143719|6761683.2506317
KL,E12,660863.921051513|6761703.8993446
KL,E13,660887.892408782|6761737.33190883
KL,E14,660901.104590226|6761756.89227397
KL,E15,660918.256472257|6761773.28550153
KL,E16,660937.269756929|6761796.45535837
KL,E17,660950.719408874|6761822.71875889
KL,E18,660966.384076292|6761847.9674552
KL,E19,660985.937783348|6761871.1621562
KL,E20,661001.955808744|6761888.61969868
KL,F0,660915.544512788|6761570.17073097
KL,F1,660694.30067387|6761414.02749403
KL,F2,660711.051665009|6761439.32406359
KL,F3,660728.444547549|6761462.41915543
KL,F4,660745.685808227|6761488.85347865
KL,F5,660764.059713219|6761514.22392291
KL,F6,660780.86015626|6761538.40779006
KL,F7,660800.857178431|6761563.85206232
KL,F8,660821.496090108|6761587.09490732
KL,F9,660836.282403429|6761607.8417111
KL,F10,660856.617814613|6761637.76304888
KL,F11,660874.70140955|6761657.54430297
KL,F12,660890.858133255|6761683.93024897
KL,F13,660909.381447964|6761705.96233923
KL,F14,660925.537666727|6761732.34845081
KL,F15,660941.35455543|6761754.25788886
KL,F16,660957.762957677|6761775.07892533
KL,F17,660974.950285352|6761802.62745964
KL,F18,660991.899425117|6761823.47323388
KL,F19,661008.206082614|6761846.52060415
KL,F20,661026.424413917|6761875.2316018
KL,G0,660696.795602601|6761382.91121047
KL,G1,660715.52362223|6761400.49005262
KL,G2,660733.457930963|6761423.6096989
KL,G3,660751.88276775|6761447.86702523
KL,G4,660769.917518708|6761468.76076823
KL,G5,660788.782128868|6761495.26892972
KL,G6,660807.494997687|6761525.11633676
KL,G7,660826.510462418|6761548.28556699
KL,G8,660845.677154036|6761568.11576324
KL,G9,660860.412923156|6761589.97571484
KL,G10,660880.560594637|6761612.08130972
KL,G11,660895.382549073|6761643.98338839
KL,G12,660915.038991554|6761664.95158038
KL,G13,660928.438878108|6761692.32793062
KL,G14,660946.370199933|6761715.44869817
KL,G15,660961.155205164|6761736.19604207
KL,G16,660979.627260657|6761759.34155555
KL,G17,660994.953055194|6761780.11362013
KL,G18,661012.731808737|6761806.5738729
KL,G19,661030.661955348|6761829.69508423
KL,G20,661044.363599402|6761850.39362689
KL,G21,661062.971090135|6761882.46853534
KL,H0,660727.623547955|6761360.88647352
KL,H1,660743.241654935|6761387.24717276
KL,H2,660761.565711304|6761413.73064218
KL,H3,660778.316245103|6761439.02753601
KL,H4,660801.171512003|6761461.25537145
KL,H5,660815.417309067|6761481.97753145
KL,H6,660835.024700319|6761504.05830535
KL,H7,660852.365958683|6761528.26706828
KL,H8,660873.986213159|6761553.78542103
KL,H9,660895.115442382|6761578.16630374
KL,H10,660905.809822162|6761605.41975834
KL,H11,660923.640740428|6761630.76649352
KL,H12,660939.847782929|6761656.03961956
KL,H13,660955.715506843|6761676.8360711
KL,H14,660971.532500311|6761698.74564196
KL,H15,660995.553474907|6761731.06590173
KL,H16,661004.536703405|6761748.20396251
KL,H17,661020.894231822|6761770.13834092
KL,H18,661036.659808052|6761793.16126019
KL,H19,661056.365114701|6761813.01721589
KL,H20,661069.813839712|6761839.28108147
KL,I0,660747.778238315|6761335.03209179
KL,I1,660766.643819102|6761361.54012069
KL,I2,660785.761466634|6761382.48301906
KL,I3,660802.41104925|6761410.00612071
KL,I4,660821.96847522|6761433.1998616
KL,I5,660840.342188952|6761458.57070349
KL,I6,660857.192934304|6761481.64188806
KL,I7,660875.075399123|6761505.87531676
KL,I8,660893.448321537|6761531.24644562
KL,I9,660910.789047899|6761555.45550204
KL,I10,660930.835598266|6761579.78747563
KL,I11,660945.469756578|6761603.87388039
KL,I12,660968.17127546|6761629.44196111
KL,I13,660982.804951059|6761653.52852718
KL,I14,660996.457103851|6761675.33991403
KL,I15,661011.191471779|6761697.20051286
KL,I16,661030.052973484|6761723.71000392
KL,I17,661046.461040995|6761744.53145552
KL,I18,661062.125456893|6761769.78057785
KL,I19,661076.36837497|6761790.50382903
KL,I20,661091.642900461|6761812.38936616
KL,I21,661113.80076343|6761837.93382513
KL,J0,660769.189837725|6761329.31083277
KL,J1,660787.527999477|6761343.52637284
KL,J2,660806.934491467|6761370.05916459
KL,J3,660831.211859053|6761396.81301675
KL,J4,660849.145472461|6761419.93325806
KL,J5,660865.216892278|6761436.27709284
KL,J6,660886.043927427|6761467.3361873
KL,J7,660903.43557014|6761490.43215536
KL,J8,660921.317683705|6761514.66582234
KL,J9,660939.791286209|6761537.81110484
KL,J10,660956.438869145|6761565.33495936
KL,J11,660973.778995249|6761589.54433263
KL,J12,660991.761165243|6761611.55227932
KL,J13,661012.449135846|6761633.68321218
KL,J14,661026.000096972|6761657.72080399
KL,J15,661045.89357088|6761685.39258361
KL,J16,661063.925336338|6761706.28786593
KL,J17,661084.071079199|6761728.39464551
KL,J18,661099.244710694|6761752.50630012
KL,J19,661115.060474061|6761774.41652928
KL,J20,661134.173712692|6761795.36137131
KL,K0,660796.229906899|6761307.11489754
KL,K1,660813.82491825|6761325.75821644
KL,K2,660834.804593057|6761353.47785165
KL,K3,5223035.89156277|-19995929.6093672
KL,K4,660869.098801215|6761398.53174299
KL,K5,660886.642445964|6761418.28848229
KL,K6,660908.263217633|6761443.80703597
KL,K7,660929.934187307|6761468.21268054
KL,K8,660943.334861905|6761495.58907426
KL,K9,660963.771211826|6761523.28493606
KL,K10,660980.772451817|6761543.01758781
KL,K11,661004.607141492|6761567.52200058
KL,K12,661022.488154682|6761591.756194
KL,K13,661042.48319165|6761617.20185769
KL,K14,661057.318691055|6761636.83655827
KL,K15,661076.873139442|6761660.03174902
KL,K16,661095.243775534|6761685.40395719
KL,K17,661115.591793517|6761703.05873935
KL,K18,661136.278446072|6761725.19041413
KL,K19,661154.005913928|6761752.76442869
KL,K20,661170.903723856|6761774.72411261
KL,L0,660821.394123712|6761290.41075104
KL,L1,660839.920149176|6761312.44243747
KL,L2,660859.138672049|6761331.15963971
KL,L3,5223035.89156277|-19995929.6093672
KL,L4,660897.019519513|6761380.83787123
KL,L5,660912.838364563|6761402.74715209
KL,L6,660931.312676507|6761425.89237961
KL,L7,660952.492910211|6761449.1605509
KL,L8,660970.425473359|6761472.28142092
KL,L9,660988.458869353|6761493.17629499
KL,L10,661008.995989493|6761518.64633154
KL,L11,661027.028907467|6761539.54140886
KL,L12,661044.505478813|6761572.68007189
KL,L13,661063.468626972|6761596.96364297
KL,L14,661082.482074999|6761620.13427521
KL,L15,661100.564583411|6761639.91669679
KL,L16,661119.476378577|6761665.31362307
KL,L17,661136.309003262|6761700.6542553
KL,M0,660845.728502572|6761268.09244335
KL,M1,660862.933708965|6761283.37231448
KL,M2,660883.184303065|6761303.25180253
KL,M3,660903.571852582|6761332.06033771
KL,M4,660919.138338204|6761359.53487311
KL,M5,660938.406710282|6761377.139469
KL,M6,660953.431461502|6761404.58959564
KL,M7,660973.428160177|6761430.03484491
KL,M8,660993.085482011|6761451.00345598
KL,M9,661010.476552568|6761474.09995712
KL,M10,661031.215853062|6761495.11794263
KL,M11,661050.80697994|6761529.46800317
KL,M12,661066.082944346|6761551.35340809
KL,M13,661086.720297491|6761574.5978192
KL,M14,661106.325525274|6761596.68012483
KL,M15,661122.192622117|6761617.47733006
KL,M16,661144.301047441|6761644.13500595
KL,N0,660874.292308231|6761248.19684114
KL,N1,660884.648844499|6761270.97346782
KL,N2,660907.692371159|6761301.01786215
KL,N3,660923.612588476|6761320.70109394
KL,N4,660944.252317088|6761343.94464046
KL,N5,660959.580351242|6761364.71651787
KL,N6,660979.865837762|6761395.75159726
KL,N7,660997.307837062|6761417.73498268
KL,N8,661015.341393272|6761438.62999091
KL,N9,661035.828133587|6761465.21322499
KL,N10,661053.760088939|6761488.33452524
KL,N11,661071.150575927|6761511.43133255
KL,N12,661090.705713215|6761534.626589
KL,N13,661108.58635498|6761558.86122172
KL,N14,661131.33767009|6761583.31731409
KL,N15,661150.40137121|6761605.37527145
KL,N16,661174.538091603|6761623.20258708
KL,O0,660893.099341064|6761240.12744601
KL,O1,660904.061874036|6761249.54757911
KL,O2,660921.454617019|6761272.64361851
KL,O3,660944.851479882|6761294.89693842
KL,O4,660963.816954108|6761319.17994153
KL,O5,660983.323408935|6761343.48762348
KL,O6,661001.696552736|6761368.85930899
KL,O7,661017.413752028|6761392.99515421
KL,O8,661029.139851303|6761421.41118473
KL,O9,661046.682529144|6761441.16872983
KL,O10,661063.430968081|6761466.46700049
KL,O11,661080.770949944|6761490.67689842
KL,O12,661115.227558706|6761520.1260256
KL,O13,661162.571671225|6761552.39198972
KL,O14,661200.406394526|6761555.22732374
KL,P0,660915.21892019|6761218.82441388
KL,P1,660928.144485373|6761232.79505586
KL,P2,660947.904311205|6761251.53730322
KL,P3,660969.966008083|6761279.30688066
JO,A1,658114.417263842|6762897.36882061
JO,A2,658106.754355947|6762874.72112561
JO,A3,658095.994221314|6762848.58940966
JO,A4,658084.002916473|6762825.7486846
JO,A5,658073.04894967|6762791.8013887
JO,A6,658064.844460349|6762769.12966079
JO,A7,658053.691519236|6762739.63472942
JO,A8,658034.919180856|6762698.64718683
JO,A9,658025.974611015|6762680.40373015
JO,A10,658015.113907521|6762656.4984296
JO,A11,658009.172095842|6762631.69718478
JO,A12,657995.263274486|6762603.19491868
JO,A13,657987.504298267|6762570.50570933
JO,A14,657980.678429117|6762541.20398058
JO,A15,657967.3100234|6762512.7259516
JO,A16,657953.008058062|6762480.86052345
JO,A17,657944.06696241|6762450.34934619
JO,A18,657934.976893111|6762423.17742135
JO,A19,657924.218273185|6762384.77832986
JO,A20,657910.943494233|6762366.34232078
JO,B1,658085.644567269|6762898.31573543
JO,B2,658073.703048551|6762874.36196847
JO,B3,658059.845523165|6762844.74634906
JO,B4,658049.824523928|6762814.1866113
JO,B5,658037.440681091|6762787.98269712
JO,B6,658028.253171393|6762763.03665424
JO,B7,658021.721041872|6762739.32433248
JO,B8,658004.66586515|6762708.45112663
JO,B9,657991.447274096|6762676.63376636
JO,B10,657984.666594731|6762658.4868963
JO,B11,657973.269198077|6762622.28966425
JO,B12,657964.229532384|6762594.00457635
JO,B13,657955.581936632|6762569.08285453
JO,B14,657947.033411415|6762541.93500464
JO,B15,657928.452483228|6762508.76370423
JO,B16,657923.050793312|6762483.98672768
JO,B17,657912.436640292|6762454.51638407
JO,B18,657900.640955243|6762427.22401706
JO,B19,657893.714814578|6762400.14862448
JO,B20,657886.738965875|6762374.18632355
JO,C1,658063.408514116|6762910.70732687
JO,C2,658049.248160644|6762900.03814793
JO,C3,658044.240263673|6762878.62431291
JO,C4,658030.625717684|6762855.71138774
JO,C5,658018.936758134|6762813.92448776
JO,C6,658005.71878058|6762782.10706458
JO,C7,657993.334486003|6762755.90331108
JO,C8,657980.60743148|6762725.22318416
JO,C9,657970.287636106|6762701.34214026
JO,C10,657956.771054063|6762676.20336674
JO,C11,657948.813530844|6762647.96654522
JO,C12,657926.261130181|6762582.27492846
JO,C13,657924.737161062|6762579.97644917
JO,C14,657918.303082042|6762554.03818365
JO,C15,657902.819585415|6762524.35089664
JO,C16,657894.762003464|6762498.34036228
JO,C17,657889.260888997|6762475.789593
JO,C18,657878.055774204|6762447.40832945
JO,C19,657871.278253927|6762416.99375347
JO,C20,657856.826259143|6762388.46796132
JO,D1,658026.565532811|6762922.44764192
JO,D2,658013.789869934|6762892.88045492
JO,D3,658003.619777436|6762865.66007568
JO,D4,657995.022932879|6762839.62516436
JO,D5,657980.916506495|6762815.5752416
JO,D6,657972.959597368|6762787.33835594
JO,D7,657963.280229106|6762761.25529539
JO,D8,657951.635010466|6762730.6235063
JO,D9,657937.969620132|6762708.82403114
JO,D10,657925.8325301|6762677.05514635
JO,D11,657919.497902477|6762648.89072241
JO,D12,657906.228699664|6762618.18677067
JO,D13,657896.845800742|6762585.42545171
JO,D14,657885.343668857|6762563.72261376
JO,D15,657866.816200019|6762517.17062531
JO,D16,657861.360254148|6762505.7747648
JO,D17,657852.567190944|6762471.92459838
JO,D18,657849.279627126|6762448.35721107
JO,D19,657840.779489844|6762420.09655848
JO,D20,657837.248084258|6762389.82662977
JO,E1,658022.316827381|6762969.10029875
JO,E2,657993.618833294|6762907.59512535
JO,E3,657982.366624405|6762880.32656806
JO,E4,657970.96537123|6762856.3972763
JO,E5,657959.563950273|6762832.46802375
JO,E6,657950.966684444|6762806.43322543
JO,E7,657928.942860373|6762777.56951983
JO,E8,657927.08555859|6762746.25873274
JO,E9,657912.779866393|6762726.66139779
JO,E10,657900.151188362|6762693.75541925
JO,E11,657897.50451685|6762667.98592925
JO,E12,657885.168550444|6762640.66949609
JO,E13,657875.095741866|6762611.22336169
JO,E14,657866.745067376|6762579.62340615
JO,E15,657848.997900811|6762552.06611082
JO,E16,657842.761491045|6762521.67568495
JO,E17,657828.652589324|6762497.62640527
JO,E18,657814.254317276|6762455.71977072
JO,E19,657807.769568362|6762430.8947992
JO,E20,657800.941853566|6762401.59344357
JO,F1,657972.261909554|6762936.75577485
JO,F2,657962.731903131|6762907.33348046
JO,F3,657944.788908352|6762884.22796877
JO,F4,657936.588553261|6762849.28859731
JO,F5,657925.827103191|6762823.15741651
JO,F6,657917.964410901|6762804.96245348
JO,F7,657905.088155443|6762777.62183107
JO,F8,657893.785179618|6762751.46664874
JO,F9,657880.123959878|6762717.39945678
JO,F10,657868.329112368|6762690.10718315
JO,F11,657862.828254512|6762667.55644976
JO,F12,657850.78948149|6762633.56168102
JO,F13,657840.815512018|6762601.88949518
JO,F14,657832.262028973|6762587.0098718
JO,F15,657812.50322629|6762543.74921468
JO,F16,657811.429332868|6762519.16515479
JO,F17,657793.925140698|6762498.31069912
JO,F18,657788.823833363|6762454.58754145
JO,F19,657780.913872997|6762425.23804954
JO,F20,657763.408992209|6762404.38375479
JO,G1,657989.410427075|6762977.67064089
JO,G2,657948.606701098|6762932.35547647
JO,G3,657916.214634153|6762880.72395643
JO,G4,657905.205172428|6762860.1582189
JO,G5,657898.965524407|6762842.03561805
JO,G6,657884.36705313|6762816.84890633
JO,G7,657876.1614616|6762794.17763029
JO,G8,657866.873699817|6762771.45817365
JO,G9,657856.751645057|6762743.1251619
JO,G10,657848.6943927|6762717.11472563
JO,G11,657839.505354442|6762692.16919387
JO,G12,657825.4467944|6762667.00683811
JO,G13,657817.194998235|6762633.18084843
JO,G14,657809.186692469|6762606.05743459
JO,G15,657791.389693853|6762579.61350827
JO,G16,657780.13467684|6762552.34563519
JO,G17,657764.798694131|6762519.31973523
JO,G18,657754.282479603|6762487.62372605
JO,G19,657744.600502034|6762461.54130167
JO,G20,657734.03435203|6762430.95843626
JO,H1,657909.640780431|6762967.42336304
JO,H2,657905.813387741|6762943.83179534
JO,H3,657893.235218501|6762909.81274998
JO,H4,657877.604606789|6762883.46477559
JO,H5,657868.664243209|6762852.95377392
JO,H6,657858.73644614|6762832.43638828
JO,H7,657846.549622577|6762801.78085238
JO,H8,657830.525810707|6762772.06977133
JO,H9,657821.435966542|6762744.89813138
JO,H10,657814.365591193|6762708.89417769
JO,H11,657800.798415725|6762684.86909029
JO,H12,657791.460269542|6762663.26292073
JO,H13,657781.39082894|6762621.54912403
JO,H14,657771.362659498|6762603.25815696
JO,H15,657753.714007307|6762573.47519194
JO,H16,657739.80292314|6762544.97396039
JO,H17,657704.931168761|6762536.73041856
JO,H18,657721.128664433|6762489.49406022
JO,H19,657714.296652171|6762472.46081138
JO,H20,657695.762720228|6762438.17768903
JO,I1,657890.895201995|6762986.66323514
JO,I2,657881.657752471|6762962.83065179
JO,I3,657874.584165725|6762939.09450258
JO,I4,657865.788285914|6762917.5122199
JO,I5,657852.961718113|6762889.05870772
JO,I6,657840.923820174|6762855.06395767
JO,I7,657827.654908725|6762824.36029385
JO,I8,657816.694311456|6762802.68176453
JO,I9,657808.294186049|6762772.19501993
JO,I10,657799.695644016|6762746.16060678
JO,I11,657790.163565165|6762716.73880712
JO,I12,657775.712404187|6762688.21333118
JO,I13,657762.541270835|6762655.28377656
JO,I14,657759.695363152|6762633.96671417
JO,I15,657740.324560568|6762606.3377179
JO,I16,657728.825430508|6762572.36746464
JO,I17,5223035.89156277|-19995929.6093672
JO,I18,657700.069070606|6762511.97787726
JO,I19,657693.092135001|6762486.01597136
JO,I20,657685.032932639|6762460.00593653
JO,J1,657861.334468902|6762993.15323709
JO,J2,657855.88381722|6762969.48942661
JO,J3,657838.237979595|6762939.70599793
JO,J4,657823.689137353|6762913.40645766
JO,J5,657815.681730889|6762886.28301395
JO,J6,657807.083603513|6762860.24857607
JO,J7,657790.275113939|6762823.81103058
JO,J8,657778.773272581|6762802.10853269
JO,J9,657770.963404657|6762770.53289082
JO,J10,657766.44507145|6762750.25663923
JO,J11,657747.962892984|6762714.86013258
JO,J12,657737.054872127|6762679.80084869
JO,J13,657727.522051019|6762650.37922847
JO,J14,657718.183359195|6762628.77325979
JO,J15,657700.435369992|6762601.2167194
JO,J16,657683.86824521|6762571.48226008
JO,J17,657673.35152597|6762539.78649738
JO,J18,657667.311665622|6762504.94408817
JO,J19,657657.236590995|6762475.49860571
JO,J20,657647.995932713|6762451.66668021
JO,K1,657836.935876239|6763005.44983078
JO,K2,657825.137566652|6762990.42562933
JO,K3,657820.525100823|6762960.10750879
JO,K4,657799.930303964|6762923.50125136
JO,K5,657791.13393394|6762901.91916088
JO,K6,657780.371640642|6762875.78843296
JO,K7,657768.428036032|6762851.83572387
JO,K8,657760.469579665|6762823.59933628
JO,K9,657749.363936137|6762792.99231564
JO,K10,657740.224010907|6762766.93396887
JO,K11,657726.610969022|6762731.75430958
JO,K12,657713.584359156|6762707.75364151
JO,K13,657701.986346662|6762676.00962754
JO,K14,657695.451859057|6762652.29794046
JO,K15,657683.167541548|6762611.6012212
JO,K16,657667.286304483|6762590.81961023
JO,K17,657655.439833488|6762564.64115389
JO,K18,657639.066651412|6762542.72252891
JO,K19,657634.40213569|6762513.51776929
JO,K20,657629.493470704|6762477.61048161
JO,L1,657808.754814528|6763005.3099997
JO,L2,657795.878626773|6762977.96977124
JO,L3,657782.510783907|6762949.49242716
JO,L4,657773.470729862|6762921.20782778
JO,L5,657762.018717898|6762898.39230218
JO,L6,657747.766416273|6762865.41461871
JO,L7,657740.150676536|6762841.65467185
JO,L8,657728.797230326|6762816.61310579
JO,L9,657714.346080075|6762788.08787894
JO,L10,657710.715226176|6762760.04423334
JO,L11,657698.328726223|6762733.84154156
JO,L12,657683.583521432|6762699.72698459
JO,L13,657674.442814604|6762673.66881914
JO,L14,657664.810428837|6762646.47353162
JO,L15,657649.569338573|6762623.48991153
JO,L16,657636.888309487|6762591.69799017
JO,L17,657617.912339041|6762555.16505107
JO,L18,657612.558117971|6762529.27549646
JO,L19,657601.793136423|6762503.14535153
JO,L20,657591.420574581|6762480.37853707
JO,M1,657784.50099493|6763026.53566075
JO,M2,657774.131440726|6763003.76826578
JO,M3,657758.15767945|6762972.94442543
JO,M4,657746.557126223|6762953.46818106
JO,M5,657733.630700833|6762927.24126668
JO,M6,657723.999643796|6762900.04579745
JO,M7,657712.600671948|6762863.84942225
JO,M8,657699.574545835|6762839.84879787
JO,M9,657691.318341154|6762818.29104281
JO,M10,657681.393191249|6762785.50623495
JO,M11,657672.10418757|6762762.78730602
JO,M12,657663.851270791|6762728.96168757
JO,M13,657640.014258811|6762667.67612734
JO,M14,657638.589173702|6762663.15161551
JO,M15,657632.740268624|6762648.39281088
JO,M16,657613.81065695|6762623.01473981
JO,M17,657594.884151467|6762585.36884518
JO,M18,657588.299241147|6762562.77044833
JO,M19,657579.404839844|6762531.14714958
JO,M20,657568.590142946|6762506.13018781
JO,N1,657755.333157386|6763036.38986057
JO,N2,657742.997697007|6763009.07391171
JO,N3,657732.285008847|6762981.83025011
JO,N4,657715.080164512|6762954.29768382
JO,N5,657705.250921087|6762931.55457837
JO,N6,657695.768262772|6762901.01995394
JO,N7,657684.220429913|6762868.16290863
JO,N8,657671.883721968|6762840.84722621
JO,N9,657662.644359941|6762817.01524147
JO,N10,657652.227438437|6762783.09337098
JO,N11,5223035.89156277|-19995929.6093672
JO,N12,657630.600769888|6762733.05899408
JO,N13,657619.101147333|6762699.08910204
JO,N14,657612.368167486|6762679.82989021
JO,N15,657594.96615516|6762644.48233214
JO,N16,657579.579495722|6762612.57032804
JO,N17,657563.159910412|6762579.49720803
JO,N18,657555.888524869|6762547.94613205
JO,N19,657543.991603566|6762522.88114147
JO,N20,657537.307269148|6762502.50900541
JO,O1,657729.803742227|6763049.75209256
JO,O2,657720.123542675|6763023.66970518
JO,O3,657709.803115552|6762999.78942605
JO,O4,657692.598204771|6762972.25696967
JO,O5,657680.654417276|6762948.30455814
JO,O6,657673.876627232|6762917.89035764
JO,O7,657661.73813795|6762886.12239427
JO,O8,657651.51586975|6762860.01614099
JO,O9,657638.687379434|6762831.56343158
JO,O10,657630.480299661|6762808.89274485
JO,O11,657616.961879752|6762783.75529199
JO,O12,657605.755866444|6762755.37489861
JO,O13,657596.713781895|6762727.09078016
JO,O14,657584.916855874|6762699.79947846
JO,O15,657574.205154722|6762660.28840178
JO,O16,657562.800376407|6762636.36047398
JO,O17,657556.607993411|6762617.12542866
JO,O18,657548.449246938|6762593.34187005
JO,O19,657543.88306013|6762561.91107858
JO,O20,657535.183004896|6762538.10350363
JO,P1,657697.782751011|6763062.82559504
JO,P2,657687.56138222|6763036.7192237
JO,P3,657676.555034597|6763003.88626867
JO,P4,657661.9558246|6762978.70048208
JO,P5,657649.028904501|6762952.47388292
JO,P6,657640.726882005|6762919.76138906
JO,P7,657623.521005668|6762892.22928221
JO,P8,657613.789990999|6762867.26028384
JO,P9,657597.174133167|6762838.63929544
JO,P10,657595.954028109|6762805.12662097
JO,P11,657581.353306818|6762779.94118911
JO,P12,657569.655462293|6762750.42377771
JO,P13,657567.498040779|6762725.79169969
JO,P14,657551.765186228|6762701.67136846
JO,P15,657534.705850651|6762670.80048261
JO,P16,657527.678683843|6762645.95199088
JO,P17,657524.682947291|6762627.9743759
JO,P18,657516.08503254|6762589.67276141
JO,P19,657503.303756539|6762560.10749616
JO,P20,657497.948723085|6762534.21812579
JO,Q1,657673.038544277|6763082.91485151
JO,Q2,657657.262450285|6763047.63915667
JO,Q3,657656.923317106|6763030.89483636
JO,Q4,657638.883786891|6762997.74911204
JO,Q5,657625.956785306|6762971.522598
JO,Q6,657616.96509235|6762942.12533446
JO,Q7,657606.053190448|6762919.3343879
JO,Q8,657590.618570695|6762888.53539063
JO,Q9,657582.266313999|6762856.93612394
JO,Q10,657574.748451684|6762830.95038918
JO,Q11,657561.671793899|6762808.06336583
JO,Q12,657551.006470404|6762779.707204
JO,Q13,657540.390436102|6762750.23799746
JO,Q14,657529.431075646|6762716.2924575
JO,Q15,657510.108542501|6762687.55165583
JO,Q16,657498.360272589|6762659.1475739
JO,Q17,657494.381245329|6762638.89573808
JO,Q18,657488.435814151|6762614.09541645
JO,Q19,657479.689090498|6762579.13313666
JO,Q20,657475.317134031|6762555.51804461
JO,R1,657639.741774471|6763088.12510705
JO,R2,657633.108887551|6763066.6396805
JO,R3,657623.08511579|6763036.08118537
JO,R4,657612.371633359|6763008.83789698
JO,R5,657594.381069984|6762974.57932776
JO,R6,657583.225135775|6762945.08591633
JO,R7,657570.789014246|6762919.99674977
JO,R8,657557.716084739|6762884.84180536
JO,R9,657544.590070845|6762863.06792244
JO,R10,657531.615579487|6762825.68692282
JO,R11,657521.933180352|6762799.60510933
JO,R12,657506.596168491|6762766.58033803
JO,R13,657505.470924092|6762743.10947456
JO,R14,657491.067142174|6762713.47210799
JO,R15,657486.299816249|6762698.76163791
JO,R16,657471.994576875|6762666.89819419
JO,R17,657459.803785948|6762636.244045
JO,R18,657455.530710846|6762610.40281632
JO,R19,657451.996407171|6762580.13330905
JO,R20,657446.297781384|6762549.76766242
JO,T1,657590.014267346|6763109.33411681
JO,T2,657577.9253734|6763076.45335755
JO,T3,657566.571735153|6763051.4123118
JO,T4,657552.021491934|6763025.11390536
JO,T5,657541.307436329|6762997.87083984
JO,T6,657530.593197107|6762970.62780951
JO,T7,657517.714778304|6762943.28862305
JO,T8,657504.493028516|6762911.47312026
JO,T9,657493.13824142|6762886.43232714
JO,T10,657478.636136232|6762859.02116167
JO,T11,657472.885910796|6762842.03646241
JO,T12,657466.112109682|6762787.08683891
JO,T13,657453.869370075|6762769.8137067
JO,T14,657451.31850518|6762741.8184306
JO,T15,657434.796707406|6762723.23999347
JO,T16,657423.542425054|6762683.7053586
JO,T17,657419.85685414|6762669.04304815
JO,T18,657411.45295104|6762638.5572978
JO,T19,657401.966778392|6762608.02351131
JO,T20,657396.067368306|6762594.37819332
