"squirrel_id","year","n_middens"
73,"1987",1
158,"1987",1
170,"1987",1
175,"1988",1
220,"1987",1
241,"1987",1
241,"1988",1
249,"1988",1
259,"1988",1
261,"1988",1
267,"1988",1
279,"1988",1
288,"1988",1
325,"1987",1
325,"1988",1
328,"1988",1
356,"1987",2
356,"1988",2
357,"1988",1
369,"1988",1
370,"1987",1
370,"1988",1
371,"1988",1
372,"1987",1
372,"1988",1
395,"1988",1
396,"1988",1
399,"1988",1
404,"1987",1
404,"1988",1
404,"1989",1
494,"1989",1
516,"1988",1
516,"1989",2
567,"1987",1
567,"1988",1
567,"1989",1
584,"1989",1
606,"1989",1
613,"1988",1
687,"1988",1
687,"1989",1
688,"1988",1
688,"1989",1
689,"1988",1
689,"1989",1
692,"1988",1
692,"1989",1
694,"1987",1
694,"1988",1
694,"1989",1
694,"1990",1
695,"1987",1
695,"1988",1
695,"1989",1
696,"1989",1
697,"1987",1
697,"1988",1
697,"1989",1
700,"1988",1
700,"1989",1
701,"1989",1
707,"1990",1
709,"1987",1
709,"1989",1
710,"1988",1
710,"1989",1
712,"1987",1
712,"1988",1
712,"1989",1
714,"1989",1
715,"1987",1
715,"1988",1
715,"1989",2
733,"1990",1
783,"1989",1
783,"1990",1
800,"1988",1
800,"1989",1
800,"1990",1
810,"1988",1
810,"1989",1
810,"1990",1
822,"1990",1
828,"1989",1
828,"1990",2
835,"1989",1
835,"1990",1
847,"1990",1
848,"1987",1
848,"1989",2
848,"1990",1
849,"1988",1
849,"1989",2
849,"1990",2
852,"1988",1
852,"1989",2
852,"1990",2
860,"1988",1
860,"1989",1
860,"1990",1
866,"1990",1
872,"1988",1
872,"1989",1
872,"1990",2
874,"1989",1
874,"1990",1
875,"1987",1
875,"1988",1
875,"1989",1
875,"1990",1
879,"1988",1
879,"1989",1
879,"1990",1
880,"1987",1
880,"1988",1
880,"1989",1
880,"1990",1
881,"1988",1
881,"1989",1
881,"1990",1
883,"1988",1
883,"1989",1
883,"1990",1
897,"1987",1
897,"1988",1
897,"1989",1
897,"1990",1
898,"1988",1
898,"1989",1
898,"1990",1
899,"1988",1
899,"1989",1
899,"1990",2
902,"1989",1
902,"1990",1
903,"1987",1
903,"1988",1
903,"1989",1
903,"1990",1
905,"1989",1
905,"1990",1
906,"1989",1
906,"1990",1
915,"1988",1
915,"1989",1
915,"1990",2
928,"1988",1
928,"1989",1
928,"1990",1
929,"1989",1
929,"1990",1
952,"1990",1
981,"1988",1
981,"1989",1
981,"1990",1
982,"1990",1
984,"1988",1
984,"1989",2
984,"1990",2
1022,"1988",1
1022,"1989",1
1022,"1990",1
1073,"1988",1
1073,"1989",1
1073,"1990",1
1077,"1988",1
1077,"1989",1
1077,"1990",1
1077,"1991",1
1088,"1987",1
1088,"1988",1
1088,"1989",1
1088,"1990",2
1092,"1988",1
1092,"1989",1
1092,"1990",1
1094,"1988",1
1094,"1989",1
1095,"1989",1
1095,"1990",1
1135,"1988",2
1135,"1989",1
1135,"1990",3
1135,"1991",2
1148,"1990",1
1151,"1990",1
1178,"1990",1
1178,"1991",1
1181,"1989",1
1181,"1990",1
1195,"1988",1
1195,"1989",1
1195,"1990",2
1196,"1989",1
1196,"1990",1
1207,"1988",1
1207,"1989",1
1207,"1990",1
1218,"1989",3
1218,"1990",3
1219,"1990",1
1220,"1990",1
1221,"1988",1
1221,"1989",1
1221,"1990",1
1224,"1988",1
1224,"1989",1
1224,"1990",1
1229,"1988",1
1229,"1989",1
1229,"1990",2
1232,"1987",1
1232,"1988",1
1232,"1989",1
1232,"1990",1
1232,"1991",1
1234,"1989",1
1234,"1990",1
1234,"1991",1
1251,"1988",1
1251,"1989",1
1251,"1990",2
1251,"1991",1
1251,"1992",2
1252,"1990",1
1252,"1991",1
1252,"1992",1
1253,"1988",1
1253,"1989",1
1253,"1990",1
1253,"1991",1
1253,"1992",1
1254,"1991",2
1254,"1992",1
1255,"1992",2
1257,"1990",2
1258,"1988",2
1258,"1989",2
1258,"1990",1
1258,"1992",1
1259,"1992",1
1260,"1989",1
1260,"1990",1
1260,"1992",1
1261,"1992",1
1262,"1990",2
1262,"1991",1
1263,"1992",1
1266,"1987",1
1266,"1988",1
1266,"1989",1
1266,"1990",1
1266,"1991",1
1266,"1992",1
1267,"1992",1
1269,"1992",1
1270,"1992",1
1271,"1988",1
1271,"1989",1
1271,"1990",1
1271,"1992",1
1273,"1988",1
1273,"1989",1
1273,"1990",1
1273,"1992",1
1278,"1991",1
1279,"1988",1
1279,"1989",1
1279,"1990",1
1279,"1991",1
1279,"1992",1
1284,"1991",1
1287,"1992",1
1288,"1989",1
1288,"1990",1
1288,"1992",1
1289,"1989",1
1289,"1990",2
1295,"1987",1
1295,"1988",1
1295,"1989",1
1295,"1990",1
1295,"1991",2
1295,"1992",3
1299,"1988",1
1299,"1989",3
1299,"1990",2
1299,"1991",3
1301,"1988",1
1301,"1989",1
1301,"1990",1
1304,"1988",1
1304,"1989",1
1304,"1990",1
1304,"1991",1
1304,"1992",1
1319,"1987",1
1319,"1988",2
1319,"1989",2
1319,"1990",2
1319,"1992",2
1320,"1992",1
1321,"1988",1
1321,"1989",1
1321,"1990",1
1321,"1992",2
1328,"1992",1
1332,"1987",1
1332,"1988",1
1332,"1989",1
1332,"1990",1
1352,"1992",1
1355,"1988",1
1355,"1989",2
1355,"1990",1
1355,"1991",1
1355,"1992",2
1361,"1992",1
1397,"1988",1
1397,"1989",1
1397,"1990",2
1417,"1990",1
1417,"1991",3
1417,"1992",3
1464,"1988",1
1464,"1989",1
1464,"1990",1
1464,"1992",1
1465,"1989",1
1465,"1990",2
1465,"1992",3
1466,"1992",1
1472,"1990",1
1472,"1992",1
1501,"1992",1
1503,"1991",1
1503,"1992",1
1516,"1987",1
1516,"1988",1
1516,"1989",1
1516,"1990",2
1516,"1991",2
1516,"1992",3
1517,"1989",1
1517,"1990",2
1517,"1992",3
1518,"1992",1
1519,"1992",1
1547,"1988",1
1547,"1989",1
1547,"1990",1
1547,"1992",1
1548,"1992",2
1555,"1992",2
1555,"1993",1
1556,"1992",1
1562,"1988",1
1562,"1989",1
1562,"1990",1
1562,"1992",2
1574,"1989",1
1574,"1990",2
1574,"1992",1
1575,"1992",1
1579,"1992",1
1585,"1992",2
1591,"1992",1
1617,"1992",2
1620,"1992",2
1621,"1992",2
1622,"1990",1
1622,"1991",1
1622,"1992",2
1623,"1992",1
1628,"1992",2
1636,"1987",1
1636,"1988",1
1636,"1989",1
1636,"1990",1
1636,"1992",1
1637,"1992",2
1638,"1992",2
1641,"1992",1
1654,"1989",1
1654,"1990",1
1654,"1991",1
1654,"1992",1
1655,"1990",1
1655,"1992",1
1661,"1993",3
1667,"1993",1
1672,"1993",1
1677,"1993",1
1680,"1993",1
1681,"1993",1
1683,"1993",2
1683,"1994",1
1684,"1992",1
1684,"1993",2
1688,"1992",1
1689,"1987",1
1689,"1988",1
1689,"1989",1
1689,"1990",3
1689,"1991",3
1689,"1992",2
1689,"1993",3
1693,"1988",1
1693,"1989",1
1693,"1990",2
1693,"1992",1
1693,"1993",2
1704,"1993",2
1727,"1992",1
1727,"1993",1
1740,"1990",1
1740,"1992",1
1740,"1993",2
1744,"1993",2
1748,"1992",1
1748,"1993",2
1751,"1994",1
1772,"1993",3
1830,"1993",3
1874,"1990",1
1874,"1993",3
1879,"1993",1
1883,"1993",2
1888,"1993",1
1890,"1987",1
1890,"1988",1
1890,"1989",1
1890,"1990",1
1890,"1992",1
1890,"1993",2
1891,"1993",1
1898,"1993",1
1906,"1988",1
1906,"1990",2
1906,"1992",2
1906,"1993",2
1907,"1993",1
1910,"1992",2
1910,"1993",2
1911,"1992",2
1911,"1993",2
1920,"1988",1
1920,"1989",1
1920,"1990",1
1920,"1992",2
1920,"1993",2
1935,"1987",2
1935,"1988",2
1935,"1989",2
1935,"1990",3
1935,"1991",3
1935,"1992",2
1935,"1993",2
1937,"1989",1
1937,"1990",1
1937,"1992",1
1937,"1993",1
1938,"1993",1
1941,"1992",2
1941,"1993",1
1944,"1989",1
1944,"1990",2
1944,"1992",3
1944,"1993",2
1945,"1993",2
1956,"1993",1
1956,"1994",2
1973,"1994",1
1978,"1994",2
1979,"1994",1
2059,"1994",1
2072,"1993",2
2072,"1994",2
2077,"1992",4
2077,"1993",2
2077,"1994",1
2098,"1989",1
2098,"1990",2
2098,"1992",2
2098,"1993",4
2098,"1994",1
2112,"1994",1
2119,"1989",1
2119,"1990",1
2119,"1991",1
2119,"1992",3
2135,"1994",1
2175,"1994",1
2227,"1990",2
2227,"1991",2
2227,"1992",2
2227,"1993",1
2227,"1994",2
2258,"1994",1
2284,"1994",2
2295,"1990",1
2295,"1992",1
2295,"1993",1
2295,"1994",1
2296,"1993",1
2296,"1994",1
2309,"1993",1
2309,"1994",1
2324,"1994",1
2336,"1994",1
2337,"1994",1
2338,"1993",1
2338,"1994",1
2341,"1994",1
2346,"1994",1
2358,"1994",1
2360,"1994",1
2367,"1993",1
2367,"1994",1
2368,"1994",2
2369,"1994",1
2370,"1994",2
2382,"1994",1
2386,"1993",3
2386,"1994",2
2387,"1993",2
2387,"1994",4
2388,"1992",2
2388,"1993",2
2388,"1994",1
2389,"1994",1
2390,"1994",2
2398,"1994",1
2409,"1992",3
2409,"1993",2
2409,"1994",1
2411,"1993",2
2411,"1994",1
2412,"1994",2
2414,"1994",2
2421,"1994",1
2422,"1994",1
2427,"1993",1
2427,"1994",2
2428,"1994",1
2429,"1994",2
2443,"1994",2
2452,"1993",1
2452,"1994",2
2453,"1992",1
2453,"1993",2
2453,"1994",1
2464,"1994",1
2467,"1994",1
2468,"1994",1
2469,"1994",2
2470,"1994",3
2475,"1992",2
2475,"1993",2
2475,"1994",1
2476,"1993",2
2476,"1994",1
2477,"1992",1
2477,"1993",3
2477,"1994",2
2478,"1993",2
2478,"1994",1
2479,"1993",1
2479,"1994",1
2483,"1994",1
2484,"1994",1
2484,"1995",1
2486,"1994",1
2487,"1992",2
2487,"1993",2
2487,"1994",2
2488,"1994",1
2489,"1994",1
2490,"1993",1
2491,"1994",1
2492,"1994",1
2493,"1993",1
2493,"1994",1
2495,"1994",1
2501,"1993",1
2501,"1994",1
2503,"1994",1
2503,"1995",1
2504,"1995",1
2507,"1993",1
2507,"1994",1
2507,"1995",2
2508,"1994",1
2508,"1995",1
2510,"1994",1
2510,"1995",1
2513,"1993",1
2513,"1994",1
2513,"1995",4
2517,"1994",1
2517,"1995",1
2519,"1993",3
2519,"1994",2
2519,"1995",2
2525,"1993",4
2525,"1994",1
2525,"1995",1
2526,"1993",1
2526,"1994",1
2526,"1995",1
2527,"1993",1
2527,"1994",1
2527,"1995",1
2528,"1994",1
2528,"1995",2
2529,"1993",1
2529,"1994",3
2529,"1995",3
2533,"1992",2
2533,"1993",2
2533,"1994",1
2533,"1995",2
2534,"1994",1
2534,"1995",1
2541,"1994",1
2541,"1995",1
2542,"1995",2
2544,"1992",1
2544,"1993",2
2544,"1994",1
2544,"1995",2
2566,"1994",1
2566,"1995",2
2576,"1990",1
2576,"1992",1
2576,"1993",1
2576,"1994",1
2576,"1995",1
2580,"1994",2
2580,"1995",2
2583,"1993",2
2583,"1994",1
2583,"1995",1
2595,"1993",2
2595,"1994",2
2595,"1995",2
2599,"1995",2
2600,"1993",1
2600,"1994",1
2600,"1995",1
2603,"1994",1
2622,"1994",2
2622,"1995",1
2638,"1995",1
2642,"1994",1
2652,"1995",2
2660,"1993",1
2660,"1994",1
2660,"1995",2
2667,"1994",2
2667,"1995",4
2672,"1993",1
2672,"1994",1
2672,"1995",1
2676,"1994",1
2676,"1995",3
2677,"1995",1
2681,"1994",2
2681,"1995",2
2683,"1993",2
2683,"1994",1
2683,"1995",1
2693,"1994",2
2693,"1995",1
2697,"1992",1
2697,"1993",1
2697,"1994",1
2697,"1995",2
2710,"1994",1
2710,"1995",1
2713,"1994",2
2713,"1995",1
2755,"1989",1
2755,"1990",2
2755,"1992",2
2755,"1993",2
2755,"1994",2
2755,"1995",2
2756,"1993",2
2756,"1994",1
2756,"1995",1
2757,"1993",2
2757,"1994",2
2757,"1995",1
2771,"1993",2
2771,"1994",1
2771,"1995",1
2776,"1993",2
2776,"1994",1
2776,"1995",2
2787,"1994",2
2787,"1995",2
2788,"1993",2
2788,"1994",1
2788,"1995",2
2788,"1996",2
2789,"1993",1
2789,"1994",1
2789,"1995",1
2791,"1994",1
2791,"1995",1
2826,"1994",3
2826,"1995",1
2858,"1996",1
2878,"1996",1
2906,"1994",1
2906,"1995",3
2906,"1996",1
2918,"1995",2
2918,"1996",2
2937,"1993",2
2937,"1994",1
2937,"1995",1
2937,"1996",1
2945,"1995",1
2950,"1996",1
2966,"1994",4
2966,"1995",1
2966,"1996",1
2982,"1994",1
2982,"1995",1
2982,"1996",1
3014,"1996",1
3030,"1996",1
3042,"1996",1
3053,"1996",2
3074,"1996",1
3102,"1995",3
3103,"1996",1
3116,"1994",2
3116,"1995",2
3116,"1996",1
3117,"1996",1
3126,"1994",1
3126,"1995",1
3133,"1996",1
3159,"1993",2
3159,"1994",2
3159,"1995",1
3159,"1996",1
3160,"1992",2
3160,"1993",2
3160,"1994",1
3160,"1995",2
3160,"1996",3
3161,"1993",4
3161,"1994",2
3161,"1995",2
3161,"1996",2
3168,"1992",1
3168,"1993",2
3168,"1994",2
3168,"1995",3
3168,"1996",1
3211,"1996",1
3212,"1994",1
3212,"1995",1
3212,"1996",1
3215,"1994",2
3215,"1995",1
3215,"1996",1
3222,"1996",1
3230,"1996",1
3244,"1996",1
3245,"1994",1
3245,"1995",1
3245,"1996",1
3246,"1996",1
3247,"1996",1
3248,"1996",2
3248,"1997",1
3259,"1994",1
3259,"1995",1
3259,"1996",1
3277,"1997",2
3283,"1997",1
3300,"1997",1
3305,"1994",1
3305,"1995",2
3305,"1996",1
3305,"1997",1
3307,"1997",2
3334,"1994",1
3334,"1995",1
3334,"1996",1
3334,"1997",1
3335,"1994",2
3335,"1995",3
3335,"1996",2
3335,"1997",2
3342,"1994",1
3347,"1994",2
3347,"1995",1
3347,"1997",4
3347,"1998",2
3388,"1994",3
3388,"1995",2
3388,"1996",1
3388,"1997",1
3399,"1997",1
3405,"1994",1
3405,"1995",1
3405,"1996",1
3405,"1997",1
3420,"1994",1
3420,"1995",4
3420,"1996",1
3420,"1997",1
3423,"1994",1
3423,"1995",3
3423,"1996",2
3423,"1997",2
3426,"1997",3
3441,"1996",1
3441,"1997",4
3443,"1994",1
3443,"1995",2
3444,"1993",1
3444,"1994",1
3444,"1995",1
3466,"1992",1
3466,"1993",2
3466,"1994",2
3466,"1995",1
3466,"1996",1
3466,"1997",1
3477,"1998",1
3482,"1993",3
3482,"1994",2
3482,"1995",1
3482,"1996",2
3482,"1997",1
3489,"1992",1
3489,"1993",1
3489,"1994",1
3489,"1995",2
3489,"1996",3
3489,"1997",3
3491,"1996",2
3491,"1997",2
3496,"1993",1
3496,"1994",1
3496,"1995",1
3496,"1996",1
3496,"1997",1
3498,"1994",2
3498,"1995",1
3498,"1996",1
3498,"1997",1
3500,"1996",1
3501,"1996",2
3501,"1997",1
3502,"1998",1
3503,"1994",2
3503,"1995",1
3503,"1997",1
3503,"1998",1
3505,"1998",1
3506,"1993",1
3506,"1994",1
3506,"1995",1
3506,"1996",1
3506,"1997",1
3506,"1998",1
3507,"1993",1
3507,"1994",1
3507,"1995",1
3507,"1996",1
3507,"1997",1
3507,"1998",2
3508,"1998",1
3509,"1998",1
3510,"1996",1
3510,"1997",1
3510,"1998",1
3521,"1993",1
3521,"1994",1
3521,"1995",1
3521,"1996",1
3521,"1997",1
3521,"1998",1
3522,"1996",1
3522,"1997",1
3524,"1995",2
3524,"1996",2
3524,"1997",1
3524,"1998",2
3525,"1993",1
3525,"1994",2
3525,"1995",1
3525,"1996",3
3525,"1997",2
3526,"1995",1
3526,"1996",2
3526,"1997",2
3536,"1998",1
3543,"1998",1
3557,"1993",1
3557,"1994",2
3557,"1995",2
3557,"1996",1
3557,"1998",1
3567,"1998",1
3572,"1998",1
3577,"1998",2
3580,"1998",1
3598,"1996",2
3598,"1997",2
3598,"1998",2
3604,"1996",3
3604,"1997",3
3604,"1998",2
3606,"1998",1
3609,"1996",2
3609,"1997",2
3609,"1998",1
3611,"1993",2
3611,"1994",1
3611,"1995",1
3611,"1998",1
3616,"1995",1
3616,"1996",1
3616,"1997",1
3616,"1998",1
3618,"1992",1
3618,"1993",2
3618,"1994",1
3618,"1995",3
3618,"1996",2
3618,"1997",4
3618,"1998",1
3621,"1994",1
3633,"1998",1
3642,"1998",1
3647,"1993",4
3647,"1994",2
3647,"1995",4
3647,"1996",1
3647,"1997",3
3647,"1998",2
3660,"1996",2
3660,"1997",3
3660,"1998",2
3672,"1998",1
3674,"1995",2
3674,"1996",1
3674,"1997",2
3674,"1998",2
3675,"1998",1
3687,"1998",2
3700,"1994",2
3700,"1995",3
3700,"1996",1
3700,"1997",2
3700,"1998",1
3703,"1996",1
3703,"1997",2
3703,"1998",1
3709,"1994",2
3709,"1995",4
3709,"1996",3
3709,"1997",2
3709,"1998",1
3716,"1994",1
3716,"1995",2
3716,"1996",2
3716,"1998",2
3717,"1996",1
3717,"1997",4
3717,"1998",2
3718,"1996",1
3718,"1997",1
3718,"1998",1
3719,"1994",1
3719,"1997",2
3719,"1998",1
3720,"1994",1
3720,"1995",1
3720,"1996",1
3720,"1997",1
3720,"1998",1
3721,"1996",3
3721,"1997",3
3721,"1998",2
3749,"1995",1
3749,"1996",1
3749,"1997",1
3749,"1998",1
3750,"1993",2
3750,"1994",1
3750,"1995",1
3750,"1996",1
3750,"1997",1
3750,"1998",1
3751,"1998",1
3769,"1998",2
3777,"1997",1
3777,"1998",1
3783,"1994",1
3783,"1995",3
3783,"1996",2
3783,"1997",2
3783,"1998",2
3789,"1998",1
3794,"1997",1
3794,"1998",2
3795,"1997",1
3795,"1998",1
3801,"1996",1
3801,"1997",1
3801,"1998",1
3811,"1994",2
3811,"1995",3
3811,"1996",2
3811,"1997",3
3811,"1998",3
3820,"1994",1
3820,"1995",1
3820,"1996",1
3820,"1997",2
3820,"1998",1
3898,"1999",1
3899,"1998",1
3927,"1996",1
3927,"1997",1
3927,"1998",1
4076,"1998",1
4077,"1998",3
4077,"1999",2
4078,"1996",3
4078,"1997",2
4078,"1998",3
4078,"1999",1
4091,"1996",1
4091,"1997",1
4091,"1998",1
4091,"1999",2
4097,"2002",1
4108,"1992",1
4108,"1993",1
4108,"1994",1
4108,"1995",2
4108,"1996",2
4108,"1998",1
4108,"1999",1
4109,"1999",1
4112,"1999",1
4114,"1998",1
4114,"1999",1
4115,"1999",1
4125,"1999",1
4126,"1999",2
4128,"1999",1
4131,"1999",1
4132,"1999",1
4133,"1999",1
4134,"1997",2
4134,"1998",1
4134,"1999",3
4144,"1999",1
4149,"1999",1
4154,"1996",1
4154,"1997",1
4154,"1998",1
4154,"1999",2
4156,"1999",1
4157,"1999",1
4162,"1999",2
4167,"1999",1
4168,"1999",1
4187,"1996",2
4187,"1997",1
4187,"1998",1
4187,"1999",1
4188,"1999",1
4204,"1994",1
4204,"1995",2
4204,"1996",2
4204,"1997",1
4204,"1998",2
4204,"1999",1
4210,"1999",2
4217,"1999",4
4227,"1996",2
4227,"1997",2
4227,"1998",3
4227,"1999",1
4235,"1996",1
4235,"1997",1
4235,"1998",1
4236,"1999",1
4244,"1996",1
4244,"1997",3
4244,"1998",2
4244,"1999",1
4245,"1993",2
4245,"1994",1
4245,"1995",2
4245,"1996",1
4245,"1997",1
4246,"1999",2
4254,"1994",3
4254,"1995",3
4254,"1996",3
4254,"1997",3
4254,"1998",3
4254,"1999",1
4255,"1998",1
4255,"1999",1
4257,"1997",1
4257,"1998",2
4257,"1999",2
4272,"1994",3
4272,"1995",2
4272,"1996",1
4272,"1997",1
4273,"1996",1
4273,"1997",1
4273,"1998",1
4284,"1999",1
4285,"1997",1
4285,"1998",1
4285,"1999",2
4286,"1998",2
4286,"1999",2
4296,"1996",1
4296,"1997",1
4296,"1998",1
4296,"1999",1
4302,"1994",3
4302,"1995",4
4302,"1996",2
4302,"1997",3
4302,"1998",2
4306,"1999",1
4308,"1999",1
4309,"1994",1
4309,"1995",1
4309,"1996",1
4309,"1997",1
4309,"1998",1
4311,"1999",1
4312,"1994",1
4312,"1995",1
4312,"1996",1
4312,"1997",2
4312,"1998",1
4312,"1999",2
4316,"1995",1
4316,"1996",1
4316,"1997",1
4316,"1998",1
4316,"1999",2
4320,"1999",2
4322,"1999",3
4325,"1995",1
4325,"1996",2
4325,"1997",2
4325,"1998",1
4325,"1999",1
4343,"1999",1
4344,"1993",2
4344,"1994",1
4344,"1995",1
4344,"1996",1
4344,"1997",1
4344,"1998",1
4344,"1999",1
4345,"1995",1
4345,"1996",2
4345,"1997",2
4345,"1998",1
4345,"1999",3
4347,"1994",1
4347,"1995",2
4347,"1996",1
4347,"1997",1
4347,"1998",1
4347,"1999",1
4348,"1994",1
4348,"1995",1
4348,"1999",1
4350,"1999",2
4353,"1999",1
4356,"1999",1
4357,"1999",1
4358,"1999",1
4359,"1998",1
4359,"1999",1
4360,"1999",2
4361,"1995",1
4361,"1996",1
4361,"1997",2
4361,"1998",1
4361,"1999",1
4362,"1999",2
4364,"1997",2
4364,"1998",1
4369,"1999",1
4370,"1994",2
4370,"1995",3
4370,"1996",2
4370,"1997",2
4370,"1999",1
4371,"1994",1
4371,"1995",2
4371,"1997",1
4371,"1999",1
4372,"1998",2
4372,"1999",1
4373,"1999",1
4374,"1999",1
4375,"1999",1
4376,"1999",2
4381,"1999",1
4382,"1996",1
4382,"1997",2
4382,"1998",2
4382,"1999",1
4384,"1999",1
4386,"1998",2
4386,"1999",1
4399,"1994",1
4399,"1995",1
4399,"1996",1
4399,"1997",1
4399,"1998",1
4399,"1999",1
4400,"1998",1
4400,"1999",1
4401,"1996",2
4401,"1997",2
4401,"1998",2
4401,"1999",1
4416,"1999",2
4417,"1997",1
4417,"1998",1
4417,"1999",1
4421,"1999",1
4422,"1999",1
4423,"1998",1
4423,"1999",1
4424,"1999",1
4425,"1999",1
4428,"1994",1
4428,"1995",1
4428,"1996",1
4428,"1997",2
4428,"1998",2
4428,"1999",1
4429,"1996",1
4429,"1997",5
4429,"1998",4
4429,"1999",1
4430,"1996",2
4430,"1997",2
4430,"1998",3
4430,"1999",2
4435,"1999",2
4437,"1999",1
4438,"1999",1
4439,"1994",1
4439,"1996",2
4439,"1997",3
4439,"1998",2
4439,"1999",1
4440,"1996",1
4440,"1997",1
4440,"1998",1
4442,"1996",1
4442,"1997",1
4442,"1998",1
4442,"1999",1
4451,"1999",1
4452,"1994",1
4452,"1995",1
4452,"1996",1
4452,"1997",2
4452,"1998",1
4452,"1999",1
4453,"1996",2
4453,"1997",2
4453,"1998",2
4453,"1999",1
4454,"1999",1
4465,"1994",1
4465,"1995",2
4465,"1996",3
4465,"1997",1
4465,"1998",1
4465,"1999",1
4467,"1996",1
4467,"1997",2
4467,"1998",2
4467,"1999",1
4469,"1999",1
4472,"1994",2
4472,"1995",3
4472,"1996",3
4472,"1997",3
4472,"1998",2
4472,"1999",2
4476,"1996",1
4476,"1997",1
4476,"1998",1
4476,"1999",1
4477,"1996",2
4477,"1997",2
4477,"1998",1
4477,"1999",1
4478,"1999",1
4486,"1994",1
4486,"1995",1
4486,"1996",1
4486,"1997",1
4486,"1998",1
4486,"1999",1
4535,"1997",3
4535,"1998",5
4535,"1999",1
4536,"1999",1
4537,"1999",2
4538,"1999",2
4539,"1999",2
4541,"1994",1
4541,"1995",3
4541,"1996",1
4541,"1997",1
4541,"1998",1
4541,"1999",1
4542,"1999",1
4545,"1998",1
4545,"1999",1
4549,"1997",1
4549,"1998",1
4549,"1999",1
4551,"1999",1
4556,"1998",1
4556,"1999",1
4557,"1999",2
4558,"1994",1
4558,"1995",1
4558,"1996",1
4558,"1997",2
4558,"1998",2
4558,"1999",1
4562,"1997",1
4562,"1998",1
4562,"1999",2
4568,"1994",1
4568,"1995",1
4568,"1999",1
4569,"1994",1
4569,"1995",1
4569,"1996",1
4569,"1997",1
4569,"1998",1
4569,"1999",1
4572,"1999",1
4573,"1996",4
4573,"1997",4
4573,"1998",3
4573,"1999",2
4577,"1999",1
4578,"1999",2
4579,"2000",1
4581,"1997",1
4581,"1998",1
4581,"1999",1
4582,"1998",1
4582,"1999",2
4584,"1999",1
4585,"1999",1
4586,"1999",2
4588,"1998",1
4588,"1999",2
4594,"1994",1
4594,"1995",1
4594,"1997",1
4594,"1998",1
4594,"1999",2
4595,"1999",1
4596,"1997",2
4596,"1998",1
4596,"1999",1
4597,"1999",2
4603,"1995",3
4603,"1996",1
4603,"1997",2
4603,"1998",1
4603,"1999",1
4606,"1994",1
4606,"1995",1
4606,"1996",1
4606,"1997",1
4606,"1998",1
4606,"1999",1
4607,"1996",1
4607,"1997",2
4608,"1996",2
4608,"1997",1
4608,"1998",3
4608,"1999",1
4610,"1997",1
4615,"1994",1
4615,"1995",1
4615,"1996",1
4615,"1997",1
4616,"1999",1
4620,"1999",1
4621,"1999",1
4623,"1999",1
4624,"1999",1
4640,"1996",1
4640,"1997",1
4640,"1998",1
4640,"1999",1
4642,"1994",1
4642,"1995",2
4642,"1996",1
4642,"1997",1
4642,"1998",1
4642,"1999",1
4657,"1999",1
4670,"1999",1
4682,"1998",1
4682,"1999",1
4682,"2000",1
4685,"2000",2
4686,"1993",1
4686,"1994",1
4686,"1995",1
4686,"1996",1
4686,"1997",1
4686,"1998",1
4689,"2000",3
4694,"2000",2
4697,"1997",2
4697,"1998",1
4697,"1999",1
4697,"2000",1
4698,"1999",1
4698,"2000",1
4704,"1994",1
4704,"1995",2
4704,"1996",2
4704,"1997",3
4704,"1998",2
4704,"1999",2
4704,"2000",2
4705,"1996",3
4705,"1997",1
4705,"1998",2
4705,"1999",1
4705,"2000",1
4712,"1996",1
4712,"1997",3
4712,"1998",4
4712,"1999",2
4712,"2000",2
4713,"1996",1
4713,"1997",2
4713,"1998",1
4713,"2000",1
4714,"1998",1
4714,"1999",1
4714,"2000",1
4721,"1999",1
4721,"2000",1
4722,"1996",2
4722,"1997",1
4722,"1998",1
4722,"1999",1
4722,"2000",1
4724,"1997",1
4724,"2000",1
4727,"1996",2
4727,"1997",2
4727,"1999",1
4727,"2000",1
4728,"2000",1
4735,"1996",1
4735,"1997",1
4735,"1998",1
4735,"1999",2
4735,"2000",1
4741,"1999",1
4741,"2000",2
4742,"2000",2
4750,"2000",1
4752,"1999",1
4752,"2000",2
4759,"1999",1
4759,"2000",3
4760,"1998",2
4760,"1999",3
4760,"2000",2
4761,"2000",1
4766,"1999",2
4766,"2000",1
4770,"1998",1
4770,"1999",1
4770,"2000",1
4771,"1999",1
4771,"2000",1
4774,"1996",1
4774,"1997",2
4774,"1998",3
4774,"1999",1
4774,"2000",1
4775,"1999",1
4775,"2000",2
4776,"1997",2
4776,"1998",2
4776,"1999",1
4776,"2000",2
4783,"1999",1
4783,"2000",2
4784,"1999",1
4784,"2000",5
4787,"1999",1
4787,"2000",1
4792,"1998",1
4792,"1999",1
4792,"2000",1
4793,"2000",3
4796,"1999",2
4796,"2000",3
4810,"1997",1
4810,"1998",1
4810,"1999",1
4810,"2000",1
4815,"1994",2
4815,"1995",2
4815,"1996",1
4815,"1997",1
4815,"1998",1
4815,"1999",1
4815,"2000",1
4816,"1994",1
4816,"1995",1
4816,"1996",1
4816,"1997",1
4816,"1998",1
4816,"1999",1
4816,"2000",1
4817,"1998",1
4817,"1999",1
4817,"2000",2
4818,"1999",1
4818,"2000",1
4819,"1997",1
4819,"1998",1
4819,"1999",1
4821,"1996",1
4821,"1998",1
4821,"1999",2
4821,"2000",1
4822,"1999",2
4822,"2000",2
4826,"1997",1
4826,"1998",1
4826,"2000",1
4833,"1999",3
4833,"2000",3
4834,"1999",2
4834,"2000",3
4835,"1999",1
4835,"2000",1
4837,"1998",1
4837,"1999",2
4837,"2000",2
4838,"2000",1
4842,"1998",1
4842,"1999",1
4842,"2000",1
4850,"1990",2
4851,"1998",1
4851,"1999",1
4851,"2000",2
4852,"1999",2
4852,"2000",1
4853,"1999",1
4853,"2000",2
4856,"1997",4
4856,"1998",3
4856,"1999",2
4856,"2000",2
4857,"1999",1
4857,"2000",1
4864,"2000",2
4865,"2000",1
4870,"1999",1
4870,"2000",3
4871,"1999",1
4871,"2000",1
4876,"1999",3
4876,"2000",4
4878,"1998",2
4878,"1999",1
4878,"2000",3
4879,"1999",1
4879,"2000",5
4881,"1998",1
4881,"1999",1
4881,"2000",1
4883,"2000",3
4884,"1999",1
4884,"2000",2
4885,"1999",1
4885,"2000",1
4891,"1999",1
4891,"2000",2
4892,"1994",1
4892,"1995",1
4892,"1996",1
4892,"1997",1
4892,"1998",1
4892,"2000",1
4893,"1999",1
4893,"2000",1
4894,"1999",2
4894,"2000",3
4895,"1999",1
4895,"2000",1
4896,"1999",1
4896,"2000",3
4897,"1997",1
4897,"1998",1
4897,"1999",1
4897,"2000",1
4898,"1999",1
4898,"2000",1
4899,"1998",2
4899,"1999",2
4899,"2000",5
4901,"1996",1
4901,"1997",3
4901,"1998",1
4901,"1999",1
4901,"2000",1
4902,"1999",1
4902,"2000",2
4903,"1999",1
4903,"2000",3
4906,"1996",2
4906,"1997",2
4906,"1998",1
4906,"1999",3
4906,"2000",2
4907,"1999",1
4907,"2000",1
4909,"1999",1
4909,"2000",1
4910,"1993",1
4910,"1994",1
4910,"1995",1
4910,"1996",1
4910,"1997",2
4910,"1998",1
4910,"1999",1
4910,"2000",1
4912,"1994",1
4912,"1995",1
4912,"1996",1
4912,"1997",1
4912,"1998",1
4912,"1999",1
4912,"2000",4
4914,"1999",1
4914,"2000",1
4916,"1999",1
4916,"2000",1
4918,"1999",1
4918,"2000",2
4918,"2001",4
4919,"1999",1
4919,"2000",2
4921,"1999",2
4921,"2000",3
4923,"1999",1
4923,"2000",1
4924,"1999",1
4924,"2000",1
4925,"1998",1
4925,"1999",2
4925,"2000",4
4936,"1999",1
4942,"1996",1
4942,"1997",1
4942,"1998",1
4942,"1999",2
4950,"1997",1
4950,"1998",1
4950,"1999",1
4950,"2000",1
4950,"2001",4
4952,"2000",3
4952,"2001",3
4954,"2000",2
4954,"2001",3
4974,"1999",2
4974,"2000",2
4974,"2001",3
4976,"1999",1
4976,"2000",2
4976,"2001",2
4992,"1997",1
4992,"1999",1
4992,"2000",3
4992,"2001",3
4996,"1996",1
4996,"1997",2
4996,"1998",1
4996,"1999",1
4996,"2000",1
4996,"2001",1
5001,"1996",1
5001,"1997",1
5001,"1998",1
5001,"1999",1
5001,"2000",3
5001,"2001",2
5002,"2001",1
5020,"1994",1
5020,"1995",1
5020,"1996",1
5020,"1997",1
5020,"1998",1
5020,"1999",1
5020,"2000",2
5020,"2001",2
5043,"1999",2
5043,"2000",3
5043,"2001",4
5049,"1998",1
5049,"1999",1
5049,"2000",6
5049,"2001",4
5050,"2001",2
5083,"2001",1
5102,"2001",3
5110,"1996",1
5110,"1997",1
5110,"1998",1
5110,"1999",1
5110,"2000",2
5110,"2001",4
5118,"2001",2
5125,"1999",2
5125,"2000",4
5125,"2001",5
5130,"1996",1
5130,"1997",2
5130,"1998",2
5130,"2000",1
5130,"2001",2
5131,"2000",1
5131,"2001",1
5133,"1998",1
5133,"1999",1
5133,"2000",3
5133,"2001",1
5135,"1996",1
5135,"1997",1
5135,"1998",1
5135,"1999",1
5135,"2000",1
5135,"2001",2
5136,"1998",2
5136,"1999",2
5136,"2000",2
5136,"2001",1
5137,"2001",3
5138,"1999",1
5138,"2000",1
5138,"2001",3
5145,"1999",2
5145,"2001",2
5146,"2000",1
5146,"2001",1
5152,"1999",1
5152,"2000",2
5152,"2001",2
5153,"1999",1
5153,"2000",1
5153,"2001",3
5155,"2001",1
5159,"2000",1
5159,"2001",2
5161,"2001",6
5163,"1999",3
5163,"2000",2
5163,"2001",3
5166,"1999",1
5166,"2000",1
5166,"2001",1
5168,"1999",2
5168,"2000",1
5168,"2001",2
5175,"1999",1
5175,"2000",2
5175,"2001",5
5176,"1999",1
5176,"2000",2
5176,"2001",3
5186,"2001",1
5187,"1999",1
5187,"2000",2
5187,"2001",2
5190,"1999",2
5190,"2001",4
5194,"1999",1
5194,"2000",1
5194,"2001",5
5195,"1997",1
5195,"1998",1
5195,"1999",1
5195,"2000",3
5195,"2001",3
5196,"1999",2
5196,"2000",4
5196,"2001",4
5199,"1999",1
5199,"2000",3
5199,"2001",2
5228,"1996",3
5228,"1997",3
5228,"1998",1
5228,"1999",1
5228,"2000",1
5228,"2001",2
5230,"1998",2
5230,"1999",3
5230,"2000",4
5230,"2001",2
5231,"1999",2
5231,"2000",2
5231,"2001",4
5238,"2000",2
5238,"2002",3
5239,"1999",1
5239,"2000",3
5239,"2001",3
5241,"1994",1
5241,"1995",1
5241,"1996",2
5241,"1997",2
5241,"1998",1
5241,"1999",1
5241,"2000",1
5241,"2001",2
5247,"1999",1
5247,"2000",4
5247,"2001",3
5250,"1994",2
5250,"1995",1
5250,"1996",1
5250,"1997",1
5250,"1998",1
5250,"1999",1
5250,"2000",1
5250,"2001",1
5251,"1999",2
5251,"2000",2
5251,"2001",3
5252,"2000",3
5252,"2001",3
5253,"2000",1
5253,"2001",1
5256,"2002",1
5258,"1999",1
5258,"2000",2
5258,"2001",2
5263,"2002",1
5264,"1999",2
5264,"2000",4
5264,"2001",5
5265,"2001",1
5265,"2002",3
5267,"1999",1
5267,"2000",3
5267,"2001",2
5267,"2002",2
5285,"1999",1
5285,"2000",4
5285,"2001",2
5285,"2002",4
5317,"1996",1
5317,"1997",1
5317,"1998",1
5317,"1999",1
5317,"2000",1
5317,"2001",2
5317,"2002",3
5339,"1999",1
5339,"2000",1
5339,"2001",1
5339,"2002",1
5347,"1999",1
5347,"2000",1
5347,"2001",2
5347,"2002",4
5348,"1998",1
5348,"1999",2
5348,"2000",5
5348,"2001",3
5348,"2002",6
5350,"1996",1
5350,"1997",1
5350,"1998",1
5350,"1999",1
5350,"2000",2
5350,"2001",2
5350,"2002",3
5351,"2000",1
5351,"2001",5
5351,"2002",1
5355,"2001",3
5355,"2002",1
5357,"2002",1
5360,"1999",1
5360,"2000",3
5360,"2001",7
5360,"2002",5
5361,"1996",1
5361,"1997",1
5361,"1998",1
5361,"1999",1
5361,"2000",1
5361,"2001",1
5361,"2002",1
5362,"1999",1
5362,"2000",1
5362,"2001",4
5362,"2002",3
5364,"1999",2
5364,"2000",1
5364,"2001",4
5364,"2002",2
5365,"1999",2
5365,"2000",3
5365,"2001",3
5365,"2002",6
5378,"1998",1
5378,"1999",1
5378,"2000",1
5378,"2001",2
5378,"2002",3
5411,"1996",2
5411,"1997",1
5411,"1999",1
5411,"2000",2
5411,"2001",1
5411,"2002",4
5414,"1999",1
5414,"2000",1
5414,"2001",2
5414,"2002",2
5418,"1997",1
5418,"1998",2
5418,"1999",1
5418,"2000",5
5418,"2001",6
5418,"2002",5
5422,"2000",1
5422,"2001",2
5422,"2002",4
5423,"2002",2
5454,"2000",2
5454,"2001",3
5454,"2002",4
5461,"1997",1
5461,"1998",2
5461,"1999",2
5461,"2000",2
5461,"2001",3
5461,"2002",4
5463,"1999",1
5463,"2000",4
5463,"2001",5
5463,"2002",6
5470,"2002",2
5471,"2002",4
5472,"1999",1
5472,"2000",2
5472,"2001",6
5472,"2002",6
5473,"1999",1
5473,"2000",1
5473,"2001",1
5473,"2002",2
5475,"2002",5
5482,"1999",1
5482,"2000",3
5482,"2001",6
5482,"2002",3
5483,"1999",3
5483,"2000",3
5483,"2001",3
5483,"2002",7
5485,"1999",1
5485,"2000",6
5485,"2001",5
5485,"2002",5
5487,"2002",2
5488,"2002",1
5489,"2002",3
5491,"2002",2
5492,"2002",3
5496,"1999",1
5496,"2000",1
5496,"2001",3
5496,"2002",4
5499,"1996",1
5499,"1997",1
5499,"1998",1
5499,"1999",1
5499,"2000",1
5499,"2001",2
5499,"2002",1
5500,"1996",1
5500,"1997",1
5500,"1998",1
5500,"1999",1
5500,"2000",2
5500,"2001",1
5500,"2002",3
5501,"1996",2
5501,"1997",2
5501,"1998",3
5501,"1999",1
5501,"2000",1
5501,"2001",2
5501,"2002",3
5503,"1999",1
5503,"2000",1
5503,"2001",2
5503,"2002",3
5505,"2002",1
5506,"2002",3
5507,"2001",1
5507,"2002",2
5508,"2002",3
5513,"1999",1
5513,"2000",5
5513,"2001",3
5513,"2002",3
5514,"2002",1
5515,"2001",6
5515,"2002",5
5516,"1999",1
5516,"2000",2
5516,"2001",2
5516,"2002",2
5517,"1999",1
5517,"2000",1
5517,"2001",1
5518,"1999",1
5518,"2000",3
5518,"2001",2
5518,"2002",3
5526,"1999",1
5526,"2000",1
5526,"2001",2
5526,"2002",2
5527,"1997",1
5527,"1998",1
5527,"1999",1
5527,"2000",2
5527,"2001",5
5527,"2002",5
5540,"1999",1
5540,"2000",3
5540,"2001",4
5540,"2002",4
5544,"1999",1
5544,"2000",2
5544,"2001",4
5544,"2002",7
5561,"1999",2
5561,"2000",2
5561,"2001",3
5561,"2002",2
5562,"1998",1
5562,"1999",2
5562,"2000",1
5562,"2001",1
5562,"2002",1
5563,"1999",3
5563,"2000",2
5563,"2001",2
5563,"2002",3
5564,"1999",1
5564,"2000",1
5564,"2001",3
5564,"2002",4
5566,"2002",2
5572,"1999",1
5572,"2000",2
5572,"2001",1
5572,"2002",3
5573,"1999",1
5573,"2000",1
5573,"2001",1
5575,"1999",2
5575,"2000",2
5575,"2001",4
5575,"2002",4
5576,"2002",1
5578,"1999",1
5578,"2000",1
5578,"2002",4
5580,"1999",1
5580,"2000",3
5580,"2001",3
5580,"2002",4
5582,"1999",1
5582,"2000",1
5582,"2001",2
5582,"2002",1
5583,"2002",3
5586,"1998",1
5586,"1999",3
5586,"2000",4
5586,"2001",4
5586,"2002",3
5587,"1999",1
5587,"2000",2
5587,"2001",5
5587,"2002",3
5593,"2003",1
5602,"2000",1
5602,"2001",1
5602,"2002",1
5602,"2003",1
5616,"2002",2
5626,"2002",4
5627,"1999",1
5627,"2000",1
5627,"2001",3
5627,"2002",3
5629,"2002",4
5666,"1996",1
5666,"1997",1
5666,"1999",1
5666,"2000",2
5666,"2001",2
5666,"2002",2
5666,"2003",1
5674,"1999",2
5674,"2000",2
5674,"2001",3
5674,"2002",3
5682,"1999",1
5682,"2000",3
5682,"2001",4
5682,"2002",3
5682,"2003",4
5696,"1999",1
5696,"2000",3
5696,"2001",4
5696,"2002",4
5696,"2003",6
5715,"2000",1
5715,"2001",2
5715,"2002",5
5715,"2003",4
5717,"1998",1
5717,"1999",2
5717,"2000",4
5717,"2001",7
5717,"2002",8
5717,"2003",1
5724,"2001",2
5724,"2002",3
5724,"2003",7
5725,"1999",1
5725,"2000",1
5725,"2001",2
5725,"2002",5
5725,"2003",4
5748,"1999",1
5748,"2000",2
5748,"2001",2
5748,"2002",4
5748,"2003",2
5749,"1999",1
5749,"2000",1
5749,"2001",4
5749,"2002",4
5749,"2003",5
5750,"2002",1
5750,"2003",2
5751,"2001",1
5751,"2002",4
5751,"2003",2
5753,"2003",2
5754,"1999",1
5754,"2000",3
5754,"2001",4
5754,"2002",3
5754,"2003",6
5755,"1999",1
5755,"2000",2
5755,"2001",2
5755,"2002",2
5755,"2003",3
5757,"1999",2
5757,"2000",3
5757,"2001",2
5757,"2002",5
5757,"2003",3
5758,"2003",5
5762,"2003",2
5763,"1999",1
5763,"2000",1
5763,"2001",3
5763,"2002",3
5763,"2003",6
5764,"2001",1
5764,"2002",1
5766,"2003",1
5770,"2003",3
5774,"2003",4
5775,"2003",4
5776,"2000",1
5776,"2001",2
5776,"2002",1
5776,"2003",3
5796,"1999",2
5796,"2000",3
5796,"2001",4
5796,"2002",3
5796,"2003",5
5803,"2000",2
5803,"2001",2
5803,"2002",4
5803,"2003",2
5807,"2000",1
5807,"2001",2
5807,"2002",3
5807,"2003",4
5808,"1999",1
5808,"2000",4
5808,"2001",2
5808,"2002",3
5808,"2003",3
5820,"1999",2
5820,"2000",2
5820,"2001",4
5820,"2002",3
5820,"2003",3
5824,"1999",1
5824,"2000",1
5824,"2001",3
5824,"2002",2
5824,"2003",2
5833,"2003",4
5838,"2003",7
5851,"1998",1
5851,"1999",1
5851,"2000",1
5851,"2001",1
5851,"2003",3
5852,"1999",1
5852,"2000",1
5852,"2001",4
5852,"2002",5
5852,"2003",5
5853,"2003",1
5856,"1999",1
5856,"2000",1
5856,"2001",2
5856,"2002",4
5856,"2003",2
5857,"1998",1
5857,"1999",2
5857,"2000",2
5857,"2001",2
5857,"2002",3
5857,"2003",2
5858,"2002",2
5858,"2003",2
5859,"1999",1
5859,"2000",1
5859,"2001",1
5859,"2002",5
5859,"2003",7
5859,"2004",1
5865,"2002",2
5865,"2003",3
5866,"1999",1
5866,"2000",1
5866,"2001",7
5866,"2002",4
5866,"2003",6
5868,"2002",2
5868,"2003",2
5877,"2003",1
5879,"1999",1
5879,"2000",1
5879,"2001",3
5879,"2002",2
5879,"2003",4
5882,"1999",2
5882,"2000",2
5882,"2001",2
5882,"2002",5
5882,"2003",4
5891,"2003",4
5892,"1999",2
5892,"2000",3
5892,"2001",3
5892,"2002",3
5892,"2003",4
5893,"2000",2
5893,"2001",2
5893,"2002",4
5893,"2003",6
5895,"1999",2
5895,"2000",1
5895,"2001",2
5895,"2002",3
5895,"2003",2
5898,"1998",2
5898,"1999",1
5898,"2000",1
5898,"2001",4
5898,"2002",4
5898,"2003",3
5902,"2003",5
5908,"2004",4
5923,"2002",3
5923,"2003",4
5923,"2004",2
5924,"2003",8
5935,"2004",1
5940,"1999",2
5940,"2000",2
5940,"2001",2
5940,"2002",2
5940,"2003",5
5940,"2004",2
5941,"1998",1
5941,"2000",2
5941,"2001",4
5941,"2002",3
5941,"2003",6
5941,"2004",4
5952,"2003",7
5952,"2004",5
5953,"1996",1
5953,"1997",1
5953,"1998",1
5953,"1999",1
5957,"2003",2
5957,"2004",2
5959,"1999",1
5959,"2000",4
5959,"2001",1
5959,"2002",1
5959,"2004",3
5977,"2002",3
5977,"2003",5
5977,"2004",2
5986,"2003",1
5986,"2004",5
5995,"1999",1
5995,"2000",1
5995,"2001",5
5995,"2002",5
5995,"2003",3
5995,"2004",3
6002,"2004",5
6035,"1999",2
6035,"2000",3
6035,"2001",7
6035,"2002",6
6035,"2003",5
6035,"2004",5
6040,"2001",2
6040,"2002",2
6040,"2003",3
6040,"2004",1
6041,"1998",1
6041,"1999",1
6041,"2000",1
6041,"2001",3
6041,"2002",3
6041,"2004",7
6046,"2004",7
6050,"1999",1
6050,"2000",1
6050,"2001",2
6050,"2002",4
6050,"2003",3
6051,"2004",1
6052,"2003",3
6052,"2004",3
6055,"2003",1
6055,"2004",4
6056,"1999",2
6056,"2000",1
6056,"2001",2
6056,"2002",3
6056,"2003",5
6056,"2004",4
6057,"2003",3
6057,"2004",3
6058,"1999",1
6058,"2000",1
6058,"2001",5
6058,"2002",8
6058,"2003",7
6058,"2004",1
6063,"1999",1
6063,"2000",2
6063,"2001",2
6063,"2002",4
6063,"2003",6
6063,"2004",4
6069,"1999",1
6069,"2000",2
6069,"2001",5
6069,"2002",5
6069,"2003",6
6069,"2004",6
6071,"1999",1
6071,"2000",1
6071,"2001",1
6071,"2002",4
6071,"2003",1
6071,"2004",3
6072,"2000",1
6072,"2001",1
6072,"2002",1
6072,"2003",4
6072,"2004",5
6091,"2002",2
6091,"2003",4
6091,"2004",4
6120,"2004",3
6130,"2005",1
6166,"1999",1
6166,"2000",2
6166,"2001",1
6166,"2002",7
6166,"2003",6
6166,"2004",3
6170,"2003",6
6170,"2004",6
6230,"1995",2
6230,"1996",2
6230,"1997",2
6230,"1998",2
6230,"1999",1
6232,"2003",3
6232,"2004",6
6232,"2005",7
6236,"2002",4
6236,"2003",4
6236,"2004",5
6236,"2005",9
6271,"2005",2
6272,"2003",2
6272,"2004",1
6295,"2005",1
6312,"2003",7
6312,"2004",8
6313,"2005",7
6338,"2003",2
6338,"2004",2
6338,"2005",2
6342,"1999",1
6342,"2000",2
6342,"2001",1
6342,"2002",5
6342,"2003",1
6342,"2004",1
6342,"2005",1
6343,"2003",5
6343,"2004",8
6343,"2005",3
6346,"2004",6
6346,"2005",5
6347,"2003",5
6347,"2004",4
6347,"2005",5
6348,"2001",2
6348,"2002",2
6348,"2003",4
6348,"2004",7
6348,"2005",4
6358,"2005",4
6362,"2002",2
6362,"2003",2
6362,"2004",4
6362,"2005",2
6373,"2003",1
6373,"2004",5
6373,"2005",1
6383,"2004",8
6383,"2005",9
6389,"2005",5
6390,"2004",2
6391,"2005",2
6392,"2002",3
6392,"2003",3
6392,"2004",3
6398,"2004",9
6398,"2005",5
6400,"2005",2
6401,"2005",5
6405,"2005",3
6411,"2003",4
6411,"2004",3
6411,"2005",2
6424,"2004",1
6424,"2005",2
6434,"2005",3
6438,"2005",3
6458,"2003",5
6458,"2004",3
6458,"2005",2
6495,"1999",1
6495,"2000",1
6495,"2001",2
6495,"2002",2
6495,"2003",1
6495,"2004",3
6495,"2005",1
6500,"2004",4
6500,"2005",2
6501,"2002",3
6501,"2003",3
6501,"2004",5
6501,"2005",8
6502,"1999",2
6502,"2000",1
6502,"2002",4
6502,"2003",1
6502,"2004",5
6502,"2005",3
6506,"2000",1
6506,"2001",1
6506,"2002",4
6506,"2003",3
6506,"2004",1
6507,"2005",3
6508,"1999",2
6508,"2000",4
6508,"2001",3
6508,"2002",4
6508,"2003",3
6508,"2004",11
6508,"2005",2
6509,"2003",3
6509,"2004",5
6509,"2005",6
6510,"2001",2
6510,"2002",6
6510,"2003",4
6510,"2004",3
6510,"2005",6
6511,"2005",3
6517,"2005",2
6519,"2004",5
6519,"2005",3
6523,"2003",3
6523,"2004",7
6523,"2005",2
6526,"2002",1
6526,"2003",1
6526,"2004",1
6527,"2004",4
6527,"2005",3
6527,"2006",1
6528,"2005",2
6529,"2004",5
6529,"2005",4
6532,"1999",1
6532,"2000",2
6532,"2001",1
6532,"2004",4
6538,"2003",4
6538,"2004",2
6551,"2006",1
6553,"2005",1
6553,"2006",1
6558,"2006",1
6559,"2006",2
6569,"2004",4
6569,"2005",2
6617,"2002",7
6617,"2003",6
6617,"2004",10
6617,"2005",2
6621,"2006",1
6626,"2006",1
6630,"2006",1
6631,"2002",3
6631,"2003",7
6631,"2004",7
6631,"2005",3
6631,"2006",1
6639,"2006",2
6649,"2006",2
6666,"2005",3
6684,"2006",1
6693,"2006",1
6694,"2006",1
6732,"2006",1
6752,"2006",3
6760,"2004",7
6760,"2005",4
6761,"2006",1
6764,"2006",1
6770,"1999",1
6770,"2000",2
6770,"2001",2
6770,"2002",2
6770,"2003",3
6770,"2004",1
6770,"2005",6
6770,"2006",1
6790,"2006",1
6798,"2006",2
6799,"2006",1
6803,"2001",3
6803,"2002",1
6803,"2003",4
6803,"2004",4
6803,"2005",1
6809,"2006",1
6816,"2006",1
6832,"2006",1
6834,"1999",1
6834,"2000",2
6834,"2001",3
6834,"2002",5
6834,"2003",5
6834,"2004",3
6836,"2006",3
6837,"2006",1
6841,"2003",4
6841,"2004",8
6841,"2005",3
6841,"2006",2
6844,"2006",2
6851,"2006",2
6853,"2006",2
6859,"2006",1
6860,"2006",4
6868,"2004",3
6868,"2006",1
6882,"2006",3
6889,"2006",2
6916,"2006",2
6917,"2006",1
6923,"2006",1
6926,"2006",1
6931,"2006",2
6934,"2006",1
6935,"2004",4
6935,"2005",5
6942,"2006",3
6947,"2006",1
6953,"2004",6
6953,"2005",3
6954,"2005",3
6954,"2006",1
6956,"2006",2
6960,"2006",1
6987,"2006",1
6988,"2006",1
6991,"2006",2
6992,"2006",2
6993,"2006",2
6997,"2006",1
7005,"2006",1
7022,"2004",7
7022,"2005",4
7022,"2006",1
7024,"2004",3
7024,"2005",2
7024,"2006",1
7025,"2005",1
7025,"2006",1
7043,"2006",1
7055,"2006",1
7056,"2006",2
7057,"2006",2
7060,"2006",4
7068,"2003",1
7068,"2006",1
7073,"2006",2
7074,"2006",3
7075,"2006",1
7076,"2006",1
7083,"2006",2
7087,"2006",2
7088,"2006",3
7089,"2006",2
7090,"2006",1
7091,"2004",1
7091,"2005",1
7092,"2005",1
7092,"2006",1
7096,"2006",3
7097,"2006",2
7106,"2006",3
7115,"2003",2
7115,"2004",4
7115,"2005",1
7115,"2006",1
7116,"2006",1
7117,"2006",2
7118,"2006",5
7124,"2006",2
7125,"2006",4
7134,"2006",1
7135,"2005",4
7135,"2006",3
7136,"2006",1
7137,"2006",1
7138,"2006",2
7146,"2006",2
7148,"2005",3
7148,"2006",2
7149,"2005",1
7149,"2006",2
7152,"2006",1
7152,"2007",1
7160,"2006",1
7162,"2006",1
7166,"1999",1
7166,"2000",1
7166,"2001",1
7166,"2002",1
7166,"2003",2
7166,"2004",4
7166,"2006",1
7172,"2004",4
7172,"2005",7
7172,"2006",2
7177,"2006",3
7179,"2006",1
7183,"2006",3
7189,"2006",1
7193,"2006",1
7195,"2007",2
7199,"2006",2
7201,"2006",2
7202,"2006",1
7209,"2006",3
7225,"2006",1
7225,"2007",1
7243,"2006",1
7243,"2007",1
7247,"2001",2
7247,"2002",4
7247,"2003",5
7247,"2004",9
7247,"2005",4
7247,"2006",2
7249,"2005",3
7249,"2006",1
7250,"2006",5
7264,"2006",2
7264,"2007",1
7265,"2006",2
7265,"2007",1
7272,"2006",1
7272,"2007",1
7278,"2003",3
7278,"2004",7
7278,"2005",2
7278,"2006",1
7278,"2007",1
7291,"2006",1
7299,"2006",2
7299,"2007",1
7306,"2006",2
7307,"2005",6
7307,"2006",3
7307,"2007",1
7311,"2006",1
7311,"2007",1
7312,"2005",8
7312,"2006",5
7330,"2006",1
7342,"2006",2
7342,"2007",2
7353,"2006",1
7353,"2007",3
7355,"2007",1
7364,"2006",2
7364,"2007",2
7365,"2007",1
7374,"2007",1
7376,"2006",1
7385,"2002",2
7385,"2003",4
7385,"2004",2
7385,"2005",4
7385,"2006",2
7387,"2004",5
7387,"2005",6
7387,"2006",1
7387,"2007",1
7390,"2006",3
7390,"2007",1
7392,"2006",1
7392,"2007",1
7393,"2007",1
7407,"2007",1
7412,"2006",2
7423,"2004",6
7423,"2005",5
7424,"2007",1
7426,"2007",1
7437,"2006",2
7437,"2007",2
7444,"2006",3
7449,"2006",2
7449,"2007",1
7451,"2005",4
7451,"2006",1
7451,"2007",1
7490,"2006",3
7490,"2007",3
7491,"2007",2
7526,"2007",1
7546,"2006",2
7553,"2004",8
7553,"2005",3
7553,"2006",2
7553,"2007",1
7565,"2007",1
7570,"2006",3
7570,"2007",3
7571,"2006",2
7571,"2007",2
7575,"2003",4
7575,"2004",4
7575,"2005",1
7575,"2006",4
7576,"2006",1
7576,"2007",1
7577,"2006",2
7577,"2007",1
7584,"2005",1
7584,"2006",3
7584,"2007",1
7592,"2007",2
7593,"2007",1
7603,"2006",2
7603,"2007",2
7609,"2002",4
7609,"2003",7
7609,"2004",6
7609,"2007",1
7610,"2006",3
7610,"2007",2
7614,"2006",1
7614,"2007",1
7628,"2006",3
7628,"2007",2
7635,"2007",1
7636,"2005",1
7636,"2006",2
7636,"2007",3
7643,"2003",1
7643,"2004",4
7643,"2006",1
7643,"2007",2
7644,"2007",2
7657,"2006",3
7657,"2007",2
7664,"2006",4
7664,"2007",4
7686,"2007",1
7695,"2007",3
7704,"2006",1
7704,"2007",1
7710,"2007",1
7727,"2006",3
7727,"2007",2
7757,"2006",1
7757,"2007",1
7758,"2006",1
7765,"2006",3
7765,"2007",2
7768,"2003",4
7768,"2004",2
7768,"2005",5
7768,"2006",1
7768,"2007",1
7774,"2007",2
7786,"2007",2
7787,"2007",1
7796,"2006",2
7796,"2007",1
7818,"2005",6
7818,"2006",1
7818,"2007",2
7819,"2006",1
7819,"2007",3
7827,"2003",9
7827,"2004",13
7827,"2005",11
7827,"2006",4
7827,"2007",1
7828,"2006",2
7828,"2007",2
7829,"2006",3
7829,"2007",2
7830,"2006",1
7830,"2007",1
7831,"2006",2
7831,"2007",1
7831,"2008",3
7833,"2005",1
7833,"2006",2
7833,"2007",1
7834,"2006",1
7834,"2007",1
7834,"2009",1
7835,"2006",1
7835,"2007",1
7836,"2006",3
7836,"2007",2
7837,"2006",1
7837,"2007",1
7838,"2006",1
7838,"2007",1
7839,"2006",2
7839,"2007",1
7840,"2007",1
7842,"2005",4
7842,"2006",2
7842,"2007",1
7846,"2006",3
7846,"2007",2
7847,"2006",2
7847,"2007",2
7873,"2005",1
7873,"2006",1
7873,"2007",1
7874,"2005",4
7874,"2006",2
7874,"2007",1
7881,"2007",2
7884,"2004",5
7884,"2005",4
7884,"2006",2
7884,"2007",2
7886,"2006",3
7886,"2007",2
7889,"2006",1
7889,"2007",1
7894,"2006",1
7894,"2007",1
7897,"2004",3
7897,"2005",10
7897,"2006",2
7897,"2007",1
7915,"2006",1
7915,"2007",1
7926,"2004",6
7926,"2005",3
7926,"2006",1
7926,"2007",1
7935,"2006",1
7935,"2007",1
7936,"2008",1
7950,"2005",1
7950,"2006",1
7950,"2007",2
8036,"2006",1
8036,"2007",1
8048,"2006",3
8095,"2007",1
8209,"2006",1
8209,"2007",1
8227,"2008",2
8238,"2008",2
8259,"2006",1
8259,"2007",1
8259,"2008",1
8277,"2006",1
8277,"2007",1
8278,"2006",2
8278,"2007",2
8278,"2008",3
8283,"2008",2
8297,"2007",1
8297,"2008",2
8298,"2007",1
8298,"2008",1
8306,"2007",1
8306,"2008",1
8313,"2008",2
8321,"2006",1
8321,"2008",1
8330,"2006",1
8330,"2007",1
8330,"2008",2
8362,"2007",1
8362,"2008",2
8370,"2007",1
8370,"2008",2
8384,"2005",1
8384,"2007",1
8384,"2008",1
8385,"2008",2
8398,"2005",1
8398,"2006",1
8398,"2007",2
8398,"2008",3
8404,"2008",4
8407,"2007",1
8407,"2008",3
8413,"2008",1
8417,"2007",1
8443,"2005",3
8443,"2006",5
8443,"2007",1
8443,"2008",3
8462,"2006",2
8462,"2007",3
8476,"2006",2
8476,"2007",3
8476,"2008",2
8483,"2008",1
8496,"2008",1
8505,"2006",2
8505,"2007",1
8505,"2008",2
8506,"2008",1
8513,"2003",2
8513,"2004",2
8513,"2005",2
8513,"2006",5
8513,"2007",1
8513,"2008",1
8569,"2006",1
8569,"2007",1
8569,"2008",2
8571,"2006",1
8571,"2007",1
8571,"2008",3
8572,"2006",1
8572,"2007",1
8572,"2008",1
8574,"2006",1
8574,"2007",1
8574,"2008",1
8575,"2006",2
8575,"2007",3
8576,"2005",2
8576,"2006",2
8576,"2007",2
8576,"2008",4
8579,"2005",2
8579,"2006",1
8579,"2007",1
8579,"2008",4
8580,"2004",1
8580,"2005",1
8580,"2006",2
8580,"2007",3
8580,"2008",2
8582,"2006",4
8582,"2007",1
8582,"2008",3
8588,"2006",1
8588,"2007",1
8588,"2008",2
8589,"2006",2
8589,"2007",2
8589,"2008",1
8591,"2006",1
8591,"2007",1
8591,"2008",2
8592,"2006",1
8592,"2007",1
8592,"2008",5
8593,"2007",1
8593,"2008",2
8596,"2008",2
8597,"2008",1
8603,"2008",5
8609,"2006",1
8609,"2007",2
8609,"2008",3
8619,"2006",2
8619,"2007",1
8619,"2008",4
8633,"2008",2
8636,"2006",1
8636,"2007",1
8636,"2008",2
8641,"2006",4
8641,"2007",3
8641,"2008",3
8644,"2007",3
8644,"2008",2
8648,"2006",1
8648,"2007",1
8648,"2008",3
8657,"2006",1
8657,"2007",1
8657,"2008",2
8664,"2008",3
8669,"2008",1
8672,"2008",4
8673,"2008",3
8680,"2008",5
8681,"2006",1
8681,"2007",1
8681,"2008",1
8692,"2007",1
8692,"2008",2
8693,"2006",1
8693,"2007",3
8693,"2008",2
8701,"2008",3
8703,"2006",2
8703,"2007",1
8703,"2008",3
8708,"2008",1
8714,"2008",3
8727,"2005",1
8727,"2006",3
8727,"2007",2
8727,"2008",3
8728,"2006",1
8728,"2007",1
8728,"2008",1
8729,"2005",6
8729,"2006",1
8729,"2007",1
8729,"2008",2
8730,"2006",2
8730,"2007",1
8730,"2008",4
8732,"2008",1
8733,"2006",3
8733,"2007",1
8733,"2008",5
8745,"2006",2
8745,"2007",1
8745,"2008",2
8745,"2009",1
8760,"2010",1
8760,"2011",1
8775,"2011",1
8775,"2012",1
8775,"2013",1
8775,"2014",1
8817,"2006",1
8817,"2007",4
8817,"2008",4
8825,"2007",2
8825,"2008",1
10037,"2011",3
10037,"2012",1
10037,"2013",1
10042,"2011",1
10042,"2012",1
10043,"2011",1
10043,"2012",1
10043,"2013",1
10043,"2014",1
10043,"2015",1
10043,"2016",1
10043,"2017",1
10043,"2018",1
10046,"2011",2
10046,"2012",1
10046,"2013",2
10047,"2012",1
10047,"2013",1
10048,"2012",1
10048,"2013",1
10048,"2014",1
10050,"2008",5
10050,"2009",1
10060,"2011",2
10061,"2006",1
10061,"2007",2
10061,"2008",1
10061,"2009",1
10062,"2008",1
10062,"2009",1
10062,"2010",1
10065,"2006",1
10065,"2007",1
10065,"2008",1
10065,"2009",1
10082,"2006",1
10082,"2008",1
10083,"2006",1
10083,"2007",1
10083,"2008",2
10083,"2009",1
10083,"2010",1
10086,"2006",1
10086,"2007",2
10086,"2008",2
10086,"2009",1
10097,"2006",2
10105,"2006",4
10105,"2007",2
10105,"2008",2
10114,"2006",2
10114,"2007",1
10114,"2008",1
10114,"2009",2
10115,"2007",1
10115,"2008",2
10115,"2009",3
10116,"2006",1
10116,"2007",1
10116,"2008",1
10116,"2009",1
10120,"2005",4
10120,"2006",3
10120,"2007",2
10120,"2008",4
10120,"2009",2
10121,"2006",3
10121,"2007",2
10121,"2008",1
10121,"2009",1
10125,"2006",1
10125,"2007",3
10125,"2008",2
10125,"2010",1
10131,"2006",3
10131,"2007",1
10131,"2008",1
10132,"2006",3
10132,"2008",4
10133,"2006",4
10133,"2007",3
10133,"2008",3
10133,"2009",1
10134,"2006",1
10134,"2008",3
10135,"2006",3
10135,"2007",1
10135,"2008",2
10135,"2009",3
10136,"2006",1
10136,"2007",3
10136,"2008",4
10136,"2009",2
10137,"2006",2
10137,"2007",5
10137,"2008",6
10137,"2009",2
10138,"2006",2
10138,"2007",2
10138,"2008",3
10138,"2009",1
10139,"2006",3
10139,"2007",1
10139,"2008",6
10140,"2006",3
10140,"2007",1
10140,"2008",3
10140,"2009",1
10141,"2006",2
10141,"2007",1
10141,"2008",3
10141,"2009",1
10145,"2006",2
10145,"2007",1
10145,"2008",3
10145,"2009",2
10146,"2006",1
10146,"2007",1
10146,"2008",1
10146,"2009",2
10147,"2007",3
10147,"2008",2
10147,"2009",1
10147,"2010",1
10153,"2006",1
10153,"2007",2
10153,"2008",2
10153,"2009",2
10153,"2010",1
10157,"2006",2
10157,"2007",2
10157,"2008",2
10158,"2008",1
10160,"2006",2
10160,"2007",1
10160,"2008",2
10160,"2009",2
10161,"2006",2
10161,"2007",1
10161,"2008",2
10161,"2009",1
10161,"2010",1
10176,"2006",5
10176,"2007",4
10176,"2008",8
10177,"2006",2
10177,"2007",1
10177,"2008",2
10177,"2009",2
10177,"2010",1
10178,"2006",1
10178,"2007",1
10178,"2008",4
10178,"2009",2
10181,"2006",6
10181,"2007",1
10181,"2008",6
10181,"2009",1
10182,"2006",1
10182,"2007",1
10182,"2008",1
10182,"2009",1
10182,"2010",1
10182,"2011",1
10183,"2006",1
10183,"2007",1
10183,"2008",2
10183,"2009",2
10184,"2006",2
10184,"2007",2
10184,"2008",3
10184,"2009",1
10184,"2011",2
10185,"2006",1
10185,"2007",5
10185,"2008",5
10185,"2009",3
10191,"2006",3
10191,"2007",1
10191,"2008",2
10191,"2009",1
10191,"2011",1
10191,"2012",1
10192,"2006",3
10192,"2007",1
10192,"2008",4
10201,"2008",2
10201,"2009",1
10201,"2010",1
10201,"2011",1
10212,"2007",3
10212,"2008",1
10212,"2009",2
10212,"2010",1
10220,"2005",4
10220,"2006",1
10220,"2007",1
10220,"2008",2
10220,"2009",2
10228,"2006",1
10228,"2007",1
10228,"2008",2
10228,"2009",1
10228,"2010",1
10239,"2007",1
10239,"2008",1
10240,"2007",1
10240,"2008",5
10249,"2007",1
10249,"2008",2
10249,"2009",1
10261,"2007",1
10261,"2008",1
10261,"2009",1
10262,"2007",2
10262,"2008",2
10262,"2009",1
10264,"2007",2
10264,"2008",4
10264,"2009",2
10264,"2010",1
10265,"2007",1
10265,"2008",2
10265,"2009",1
10271,"2008",5
10271,"2009",3
10273,"2008",2
10273,"2009",1
10273,"2010",2
10273,"2011",1
10274,"2008",1
10275,"2006",2
10275,"2007",1
10275,"2008",6
10275,"2009",2
10275,"2010",1
10280,"2008",5
10280,"2009",2
10280,"2010",1
10281,"2007",1
10281,"2008",1
10281,"2009",1
10285,"2008",1
10285,"2009",1
10291,"2007",1
10291,"2008",2
10291,"2009",2
10291,"2010",2
10296,"2004",1
10296,"2005",3
10296,"2007",1
10296,"2008",2
10316,"2006",1
10316,"2007",1
10316,"2009",1
10317,"2007",1
10317,"2008",2
10317,"2009",1
10318,"2007",4
10318,"2008",5
10318,"2009",1
10318,"2010",1
10318,"2011",1
10318,"2012",1
10318,"2013",1
10322,"2007",1
10322,"2008",2
10322,"2009",1
10325,"2008",2
10325,"2009",2
10325,"2010",1
10341,"2008",3
10341,"2009",1
10342,"2008",1
10342,"2009",1
10342,"2010",1
10342,"2011",1
10342,"2012",1
10342,"2013",1
10342,"2014",1
10342,"2015",1
10343,"2008",2
10343,"2009",2
10358,"2007",1
10358,"2008",2
10358,"2009",2
10358,"2010",2
10358,"2011",2
10358,"2012",1
10359,"2007",1
10359,"2008",2
10359,"2009",1
10361,"2008",6
10361,"2009",3
10362,"2008",3
10362,"2009",1
10369,"2008",1
10370,"2008",2
10370,"2009",2
10374,"2008",2
10374,"2009",1
10374,"2010",1
10374,"2011",1
10374,"2012",2
10374,"2013",1
10374,"2015",1
10375,"2008",5
10375,"2009",1
10375,"2010",1
10375,"2011",3
10376,"2008",2
10376,"2009",2
10377,"2008",5
10377,"2009",3
10379,"2008",1
10379,"2009",2
10380,"2008",2
10380,"2009",1
10391,"2008",3
10391,"2009",2
10391,"2010",2
10396,"2008",1
10404,"2008",1
10404,"2009",2
10404,"2010",1
10405,"2008",1
10405,"2009",1
10408,"2008",2
10408,"2009",2
10410,"2008",3
10411,"2008",2
10461,"2009",1
10461,"2010",1
10473,"2010",1
10474,"2008",4
10474,"2009",2
10475,"2009",2
10517,"2009",1
10531,"2009",2
10531,"2010",1
10531,"2011",2
10531,"2012",1
10531,"2013",1
10537,"2009",2
10543,"2009",1
10572,"2008",3
10572,"2009",1
10579,"2009",1
10588,"2009",1
10588,"2010",1
10602,"2009",1
10602,"2010",2
10607,"2009",1
10607,"2010",1
10609,"2009",1
10616,"2010",2
10638,"2008",3
10639,"2008",1
10642,"2008",2
10642,"2009",1
10653,"2011",1
10654,"2011",1
10654,"2012",1
10654,"2013",1
10654,"2014",1
10654,"2015",1
10655,"2011",1
10655,"2012",1
10655,"2013",1
10655,"2014",1
10657,"2008",5
10657,"2009",2
10661,"2008",4
10661,"2009",1
10662,"2008",2
10662,"2009",1
10662,"2010",1
10663,"2008",2
10664,"2008",1
10664,"2009",2
10686,"2008",1
10686,"2009",1
10686,"2010",1
10686,"2011",2
10687,"2008",1
10692,"2008",1
10692,"2011",1
10693,"2007",2
10693,"2008",3
10693,"2009",1
10694,"2008",1
10695,"2008",2
10696,"2008",1
10697,"2008",3
10711,"2008",1
10711,"2009",1
10711,"2010",3
10711,"2011",2
10713,"2006",1
10713,"2007",2
10713,"2008",1
10713,"2009",2
10722,"2008",2
10724,"2008",1
10724,"2009",2
10724,"2011",1
10725,"2008",4
10725,"2009",1
10735,"2008",1
10735,"2009",1
10743,"2008",3
10743,"2010",1
10744,"2008",1
10744,"2009",1
10744,"2010",1
10746,"2008",1
10746,"2010",1
10747,"2008",3
10748,"2008",1
10748,"2009",1
10754,"2009",1
10759,"2009",1
10760,"2008",3
10760,"2009",2
10782,"2010",1
10784,"2010",1
10786,"2005",5
10786,"2006",6
10786,"2007",1
10786,"2008",5
10786,"2009",1
10786,"2010",1
10813,"2010",1
10814,"2009",2
10814,"2010",1
10815,"2011",1
10816,"2009",1
10816,"2010",1
10818,"2009",2
10818,"2010",1
10818,"2011",1
10818,"2012",1
10828,"2009",1
10828,"2010",2
10829,"2009",1
10832,"2011",2
10871,"2010",1
10878,"2011",1
10878,"2012",1
10878,"2013",1
10878,"2014",1
10914,"2010",2
10917,"2010",1
10918,"2010",1
10918,"2011",2
10918,"2012",1
10918,"2013",1
10918,"2014",1
10924,"2010",2
10939,"2010",2
10939,"2011",1
10945,"2010",1
10945,"2011",1
10946,"2010",1
10946,"2011",2
10946,"2012",1
10955,"2010",1
10985,"2010",1
10993,"2012",1
10993,"2013",2
10993,"2014",1
10993,"2015",1
10994,"2012",1
10995,"2012",1
10995,"2013",1
10995,"2015",1
11001,"2011",1
11002,"2012",1
11002,"2013",1
11002,"2014",1
11002,"2015",1
11002,"2016",1
11017,"2013",1
11020,"2013",1
11020,"2015",1
11020,"2016",1
11053,"2010",1
11077,"2011",2
11078,"2010",2
11078,"2011",1
11078,"2012",1
11084,"2010",1
11150,"2010",1
11150,"2011",1
11160,"2009",1
11161,"2008",2
11161,"2009",1
11162,"2008",1
11162,"2009",1
11170,"2009",1
11171,"2009",3
11171,"2010",1
11173,"2009",1
11173,"2010",1
11173,"2011",1
11174,"2009",2
11174,"2010",2
11175,"2008",1
11175,"2009",1
11176,"2009",2
11176,"2010",1
11177,"2009",1
11178,"2009",1
11179,"2009",1
11179,"2010",1
11181,"2009",1
11181,"2010",1
11182,"2009",2
11182,"2010",1
11184,"2010",2
11194,"2009",1
11194,"2010",2
11201,"2009",1
11201,"2010",1
11201,"2011",1
11203,"2009",2
11220,"2011",1
11220,"2012",1
11220,"2013",1
11220,"2014",1
11225,"2011",2
11254,"2010",2
11256,"2010",1
11256,"2011",1
11256,"2012",1
11256,"2013",1
11256,"2014",1
11256,"2015",1
11256,"2016",1
11266,"2010",1
11266,"2011",1
11266,"2012",1
11266,"2013",1
11272,"2010",1
11272,"2011",1
11272,"2013",1
11281,"2010",1
11282,"2011",2
11282,"2012",1
11313,"2010",3
11313,"2011",2
11319,"2010",2
11319,"2011",2
11324,"2010",1
11325,"2010",1
11339,"2010",1
11343,"2011",1
11344,"2010",1
11344,"2011",2
11344,"2012",1
11344,"2013",1
11363,"2010",1
11385,"2011",1
11398,"2010",1
11434,"2011",1
11434,"2012",1
11434,"2013",2
11434,"2014",1
11434,"2015",1
11434,"2016",1
11434,"2017",1
11435,"2011",1
11448,"2011",1
11460,"2010",1
11460,"2011",1
11460,"2012",1
11460,"2013",1
11482,"2010",2
11483,"2010",1
11486,"2009",1
11486,"2010",1
11486,"2011",2
11489,"2009",2
11489,"2010",1
11489,"2011",1
11489,"2012",1
11493,"2010",1
11496,"2010",2
11496,"2011",1
11501,"2010",1
11519,"2010",1
11521,"2010",1
11522,"2010",2
11523,"2010",1
11524,"2010",1
11524,"2011",1
11525,"2010",1
11531,"2011",2
11531,"2012",2
11531,"2013",2
11531,"2014",2
11531,"2015",1
11531,"2016",1
11534,"2010",1
11534,"2011",1
11534,"2012",1
11534,"2013",2
11534,"2014",1
11534,"2015",1
11534,"2016",1
11534,"2017",1
11536,"2010",1
11537,"2010",1
11537,"2011",1
11537,"2012",1
11537,"2013",1
11572,"2011",1
11576,"2012",2
11576,"2013",2
11576,"2014",1
11576,"2015",1
11576,"2016",2
11576,"2017",1
11577,"2011",2
11577,"2012",1
11577,"2013",2
11577,"2014",1
11578,"2011",1
11578,"2012",1
11578,"2013",2
11578,"2014",1
11614,"2010",2
11614,"2011",1
11614,"2012",1
11614,"2013",1
11614,"2014",1
11619,"2011",1
11619,"2012",2
11619,"2013",1
11621,"2011",1
11621,"2012",1
11621,"2013",1
11621,"2014",1
11622,"2012",1
11623,"2011",1
11625,"2011",1
11625,"2012",1
11722,"2011",2
11722,"2012",1
11722,"2013",1
11722,"2014",1
11775,"2011",3
11775,"2012",1
11775,"2013",1
11775,"2014",1
11775,"2015",1
11775,"2016",1
11812,"2011",2
11841,"2011",2
11841,"2012",1
11841,"2013",1
11876,"2011",1
11877,"2011",1
11881,"2011",1
11882,"2009",1
11882,"2010",1
11883,"2011",1
11883,"2012",1
11883,"2013",1
11883,"2015",1
11883,"2016",1
11895,"2011",3
11895,"2012",1
11895,"2014",1
11895,"2015",1
11896,"2011",2
11896,"2012",1
11896,"2013",1
11897,"2011",2
11897,"2012",1
11897,"2013",1
11897,"2014",1
11943,"2011",1
11943,"2013",1
11943,"2015",1
11944,"2011",1
11944,"2012",1
11945,"2012",1
11945,"2013",1
11946,"2011",1
11946,"2012",1
11946,"2013",2
11946,"2014",1
11946,"2015",1
11952,"2011",4
11952,"2012",1
11952,"2013",2
11952,"2014",1
11953,"2011",1
11953,"2012",1
11953,"2013",1
11953,"2014",1
11953,"2015",1
11953,"2016",1
11955,"2011",1
11957,"2011",1
11957,"2012",1
11957,"2013",1
11957,"2014",1
11957,"2015",1
11957,"2016",1
11957,"2017",1
11963,"2012",1
11963,"2013",1
11963,"2014",1
11963,"2015",1
11963,"2016",1
11967,"2011",1
11968,"2011",1
11970,"2011",2
11971,"2011",1
11972,"2011",1
11973,"2011",2
11974,"2011",2
11976,"2011",3
11976,"2012",2
11976,"2013",2
11976,"2014",1
11976,"2015",1
11976,"2016",2
11976,"2017",1
11978,"2009",2
11978,"2010",2
11978,"2011",1
11979,"2011",2
11979,"2012",1
11979,"2013",1
11979,"2014",1
11979,"2015",1
11979,"2016",1
11979,"2017",1
11981,"2011",1
11981,"2013",1
11981,"2014",1
11983,"2011",1
11983,"2012",1
11983,"2013",1
11983,"2014",1
11985,"2011",1
11986,"2011",1
11987,"2011",1
11988,"2011",1
11989,"2011",1
11990,"2011",1
11991,"2011",1
11992,"2011",1
11993,"2011",1
11996,"2011",2
11996,"2012",1
11996,"2013",3
11997,"2011",1
11998,"2011",2
11998,"2012",1
11998,"2013",1
11998,"2014",1
11998,"2015",1
11998,"2016",1
11998,"2017",1
11999,"2008",1
11999,"2009",3
11999,"2010",1
11999,"2011",2
11999,"2012",1
11999,"2013",1
11999,"2014",1
12000,"2011",1
12000,"2012",1
12003,"2011",3
12003,"2012",1
12003,"2013",1
12003,"2014",1
12003,"2015",1
12003,"2016",1
12003,"2017",1
12004,"2011",2
12004,"2012",1
12006,"2011",2
12006,"2012",1
12006,"2013",1
12006,"2014",1
12007,"2011",1
12007,"2012",1
12007,"2013",1
12008,"2011",1
12008,"2012",1
12008,"2013",1
12008,"2014",1
12008,"2015",1
12008,"2016",1
12008,"2017",1
12008,"2018",1
12009,"2011",1
12012,"2011",1
12012,"2012",1
12012,"2013",1
12012,"2014",1
12012,"2015",1
12012,"2016",1
12012,"2017",1
12013,"2011",1
12013,"2012",1
12014,"2012",2
12014,"2013",2
12015,"2012",1
12017,"2010",1
12017,"2011",1
12017,"2012",1
12017,"2013",1
12018,"2011",1
12018,"2012",1
12018,"2013",1
12018,"2014",1
12018,"2015",1
12018,"2016",1
12019,"2011",1
12019,"2012",1
12020,"2011",1
12022,"2011",3
12024,"2011",2
12024,"2012",1
12024,"2013",2
12025,"2011",1
12025,"2012",1
12025,"2013",2
12026,"2011",2
12026,"2012",1
12026,"2013",2
12026,"2014",1
12026,"2015",1
12026,"2016",1
12027,"2011",2
12027,"2012",1
12027,"2013",1
12027,"2014",1
12027,"2015",1
12027,"2016",1
12027,"2017",1
12028,"2011",1
12028,"2012",1
12028,"2013",1
12028,"2014",1
12028,"2015",1
12028,"2016",1
12029,"2011",4
12029,"2012",1
12029,"2013",1
12029,"2014",1
12029,"2015",1
12029,"2016",1
12029,"2017",1
12030,"2011",1
12032,"2011",1
12033,"2011",1
12033,"2012",1
12033,"2013",2
12033,"2014",1
12036,"2011",2
12036,"2012",1
12056,"2011",2
12061,"2011",1
12063,"2011",2
12064,"2011",1
12065,"2011",1
12136,"2012",1
12136,"2013",1
12137,"2012",1
12137,"2013",1
12137,"2015",1
12139,"2010",2
12139,"2011",2
12139,"2012",1
12139,"2013",1
12140,"2012",1
12140,"2013",2
12165,"2013",1
12165,"2014",1
12166,"2014",1
12180,"2012",1
12180,"2013",1
12180,"2014",1
12180,"2015",1
12180,"2016",1
12180,"2017",1
12180,"2018",1
12190,"2012",1
12190,"2013",1
12190,"2014",1
12191,"2012",1
12191,"2013",2
12191,"2014",1
12191,"2015",1
12194,"2012",2
12194,"2013",1
12194,"2014",1
12194,"2015",1
12194,"2016",1
12194,"2017",1
12194,"2018",1
12199,"2013",1
12199,"2014",1
12200,"2013",1
12202,"2011",1
12202,"2013",1
12202,"2014",1
12207,"2012",1
12207,"2014",1
12207,"2015",1
12207,"2016",1
12207,"2017",1
12207,"2018",1
12209,"2012",1
12209,"2013",1
12210,"2014",1
12210,"2015",1
12235,"2013",1
12236,"2013",1
12236,"2014",1
12236,"2015",2
12236,"2016",1
12239,"2012",1
12240,"2012",1
12285,"2013",1
12285,"2015",1
12294,"2011",1
12295,"2011",1
12297,"2011",2
12298,"2011",1
12300,"2008",2
12300,"2011",1
12301,"2011",1
12301,"2012",1
12303,"2011",3
12303,"2013",1
12305,"2011",2
12305,"2012",1
12305,"2013",1
12305,"2014",1
12305,"2015",1
12305,"2016",1
12306,"2011",2
12363,"2011",1
12363,"2012",1
12363,"2013",1
12363,"2014",1
12363,"2015",1
12364,"2011",3
12364,"2012",1
12364,"2013",1
12364,"2014",1
12364,"2015",1
12375,"2011",2
12394,"2011",2
12419,"2011",1
12419,"2012",1
12419,"2013",1
12419,"2014",1
12422,"2011",1
12422,"2012",1
12422,"2013",1
12423,"2011",2
12423,"2012",1
12423,"2013",1
12423,"2014",1
12426,"2015",1
12426,"2016",1
12426,"2017",1
12427,"2015",2
12427,"2016",1
12427,"2017",2
12428,"2018",1
12432,"2011",2
12432,"2012",1
12432,"2013",2
12432,"2014",2
12432,"2015",1
12432,"2016",1
12434,"2011",2
12434,"2012",1
12434,"2013",2
12435,"2011",1
12435,"2012",1
12435,"2013",1
12435,"2014",1
12435,"2015",1
12435,"2016",1
12435,"2017",1
12445,"2011",2
12445,"2012",1
12445,"2013",1
12445,"2015",1
12445,"2016",1
12446,"2011",2
12447,"2011",1
12448,"2011",1
12462,"2011",1
12462,"2012",1
12462,"2013",1
12462,"2014",1
12477,"2011",1
12477,"2012",1
12478,"2011",2
12479,"2011",1
12479,"2012",1
12479,"2013",2
12479,"2014",1
12491,"2011",1
12492,"2011",1
12495,"2011",1
12495,"2012",1
12495,"2013",1
12509,"2015",1
12513,"2011",2
12513,"2012",1
12513,"2013",1
12513,"2014",1
12513,"2015",1
12522,"2012",1
12522,"2013",1
12522,"2014",1
12522,"2015",1
12522,"2016",1
12523,"2011",1
12523,"2012",1
12524,"2011",2
12524,"2012",1
12524,"2013",1
12524,"2014",1
12524,"2015",1
12526,"2011",2
12526,"2012",1
12538,"2011",4
12539,"2011",1
12542,"2011",1
12542,"2012",1
12542,"2013",2
12543,"2011",1
12550,"2011",1
12550,"2012",1
12550,"2013",1
12564,"2011",1
12564,"2012",1
12564,"2013",1
12565,"2011",2
12565,"2012",1
12565,"2013",1
12565,"2015",1
12565,"2016",1
12566,"2011",1
12568,"2011",2
12576,"2011",2
12576,"2012",1
12576,"2013",1
12576,"2014",1
12611,"2011",1
12611,"2012",1
12613,"2011",1
12613,"2012",2
12613,"2013",2
12613,"2014",1
12613,"2015",1
12613,"2016",1
12613,"2017",1
12613,"2018",1
12620,"2011",1
12620,"2012",1
12623,"2011",1
12623,"2012",1
12625,"2011",1
12625,"2012",1
12625,"2013",1
12625,"2014",1
12626,"2011",1
12626,"2012",1
12626,"2013",1
12626,"2014",1
12628,"2011",2
12628,"2012",1
12628,"2013",1
12629,"2012",1
12629,"2013",1
12629,"2014",1
12653,"2011",1
12653,"2012",1
12653,"2015",1
12653,"2016",1
12653,"2017",1
12653,"2018",1
12654,"2011",1
12657,"2011",2
12657,"2012",1
12657,"2013",1
12664,"2011",1
12664,"2012",1
12664,"2013",1
12668,"2011",1
12669,"2011",3
12678,"2011",3
12678,"2012",2
12678,"2013",1
12678,"2014",1
12678,"2015",1
12691,"2011",1
12703,"2012",1
12703,"2013",1
12703,"2014",1
12705,"2011",1
12705,"2012",1
12705,"2013",2
12705,"2014",1
12705,"2015",1
12705,"2016",1
12706,"2012",1
12709,"2011",1
12712,"2011",1
12744,"2011",1
12744,"2012",1
12744,"2013",1
12744,"2015",1
12744,"2016",1
12744,"2017",1
12744,"2018",1
12745,"2011",1
12745,"2013",1
12745,"2015",1
12824,"2012",1
12825,"2012",1
12825,"2013",1
12825,"2014",1
12827,"2011",4
12827,"2012",1
12827,"2013",1
12827,"2014",1
12827,"2015",1
12827,"2016",1
12827,"2017",1
12830,"2012",1
12830,"2013",1
12835,"2011",1
12835,"2012",1
12835,"2013",1
12875,"2011",1
12876,"2012",1
12883,"2011",1
12884,"2010",1
12884,"2011",2
12885,"2011",1
12908,"2012",1
12908,"2013",1
12933,"2011",1
12933,"2012",1
12933,"2013",1
12943,"2011",1
12944,"2011",1
12945,"2011",1
12947,"2011",1
12949,"2011",2
12951,"2011",2
12952,"2011",1
12953,"2011",1
12972,"2011",1
12972,"2013",1
12972,"2014",1
12972,"2015",1
12972,"2016",2
12972,"2017",1
12973,"2012",1
12973,"2013",1
12973,"2014",1
12973,"2015",1
12973,"2016",2
12973,"2017",1
12974,"2011",1
13000,"2012",1
13000,"2013",1
13009,"2012",2
13010,"2012",1
13010,"2013",1
13012,"2012",1
13012,"2013",1
13012,"2014",1
13012,"2015",1
13012,"2016",1
13019,"2012",1
13039,"2011",2
13039,"2012",1
13039,"2013",1
13048,"2012",1
13048,"2013",1
13048,"2014",1
13048,"2015",1
13084,"2012",1
13084,"2013",1
13085,"2012",1
13085,"2013",2
13085,"2014",1
13085,"2015",1
13088,"2011",1
13092,"2012",1
13092,"2013",1
13092,"2014",1
13092,"2015",1
13092,"2016",2
13093,"2012",1
13094,"2011",1
13094,"2012",1
13095,"2011",1
13095,"2012",1
13095,"2013",1
13095,"2014",1
13095,"2015",3
13095,"2016",1
13095,"2017",1
13095,"2018",1
13096,"2011",1
13096,"2012",1
13096,"2013",1
13096,"2014",1
13096,"2015",1
13096,"2016",1
13097,"2012",1
13097,"2013",1
13097,"2014",2
13097,"2015",1
13097,"2016",1
13097,"2017",1
13111,"2012",1
13112,"2012",1
13112,"2013",1
13112,"2014",1
13112,"2015",1
13112,"2017",1
13112,"2018",1
13123,"2010",2
13123,"2011",1
13123,"2012",1
13123,"2013",1
13123,"2014",1
13124,"2016",1
13125,"2012",1
13125,"2013",2
13125,"2014",1
13126,"2012",1
13128,"2012",1
13129,"2011",2
13129,"2012",1
13129,"2013",1
13129,"2014",1
13129,"2015",1
13129,"2016",1
13129,"2017",1
13129,"2018",1
13130,"2012",1
13130,"2013",1
13130,"2014",1
13130,"2015",1
13131,"2012",1
13131,"2013",2
13131,"2014",1
13132,"2012",1
13132,"2013",1
13132,"2014",1
13132,"2015",1
13132,"2016",1
13132,"2017",1
13134,"2014",1
13134,"2015",1
13135,"2012",1
13135,"2013",1
13163,"2011",1
13164,"2008",1
13164,"2009",1
13164,"2010",1
13164,"2011",1
13167,"2011",1
13179,"2012",1
13179,"2013",1
13179,"2014",1
13179,"2015",1
13179,"2016",1
13184,"2012",1
13185,"2012",1
13185,"2013",1
13237,"2012",1
13287,"2013",1
13288,"2013",1
13288,"2014",1
13288,"2015",1
13288,"2016",1
13305,"2013",1
13305,"2014",1
13305,"2015",1
13305,"2016",1
13332,"2013",1
13332,"2014",1
13333,"2013",1
13366,"2013",1
13385,"2013",1
13385,"2014",1
13385,"2015",1
13385,"2016",1
13385,"2017",1
13412,"2013",1
13412,"2014",1
13412,"2015",1
13412,"2016",1
13412,"2017",1
13438,"2013",1
13438,"2014",1
13438,"2015",1
13438,"2016",1
13438,"2017",1
13438,"2018",1
13438,"2019",1
13445,"2013",1
13445,"2016",1
13445,"2017",1
13445,"2018",1
13466,"2013",1
13466,"2014",1
13466,"2015",1
13466,"2016",1
13466,"2017",1
13499,"2013",1
13535,"2013",1
13646,"2013",1
13656,"2008",2
13656,"2009",4
13657,"2008",2
13657,"2009",1
13658,"2008",2
13658,"2009",1
13664,"2008",3
13664,"2009",3
13665,"2008",1
13665,"2009",1
13666,"2008",2
13666,"2009",2
13666,"2010",2
13667,"2008",4
13667,"2009",1
13667,"2010",2
13667,"2012",1
13667,"2013",1
13667,"2014",1
13671,"2008",1
13671,"2009",1
13676,"2006",1
13676,"2008",2
13676,"2009",4
13676,"2010",2
13676,"2011",4
13677,"2008",2
13677,"2009",1
13677,"2010",1
13677,"2011",1
13678,"2008",2
13678,"2009",1
13678,"2010",1
13678,"2011",1
13679,"2009",1
13680,"2007",1
13680,"2008",2
13682,"2006",2
13682,"2007",1
13682,"2008",1
13685,"2008",2
13686,"2008",1
13686,"2009",1
13687,"2011",1
13690,"2011",1
13690,"2012",1
13690,"2013",1
13690,"2014",1
13691,"2011",2
13693,"2008",2
13693,"2009",1
16199,"2008",4
16580,"2011",1
19250,"2013",1
19250,"2014",1
19257,"2013",1
19257,"2014",1
19267,"2011",2
19267,"2012",2
19267,"2013",1
19267,"2014",1
19271,"2013",1
19271,"2014",1
19354,"2014",1
19354,"2015",1
19430,"2013",1
19516,"2014",1
19516,"2015",1
19516,"2016",1
19537,"2014",1
19537,"2015",1
19537,"2016",1
19537,"2017",1
19537,"2018",1
19550,"2013",1
19550,"2016",1
19561,"2014",1
19561,"2015",1
19561,"2016",1
19561,"2017",1
19561,"2018",1
19561,"2019",1
19561,"2020",1
19564,"2014",1
19565,"2014",1
19583,"2014",1
19583,"2015",1
19583,"2016",1
19583,"2017",1
19583,"2018",1
19599,"2014",1
19599,"2015",1
19599,"2016",1
19599,"2017",1
19601,"2013",1
19601,"2014",1
19601,"2015",1
19601,"2016",1
19601,"2017",1
19601,"2018",1
19601,"2019",1
19611,"2014",1
19611,"2015",1
19611,"2016",1
19611,"2017",1
19611,"2018",1
19611,"2019",1
19649,"2014",1
19649,"2015",1
19649,"2016",1
19649,"2017",1
19649,"2018",1
19654,"2015",1
19654,"2016",1
19654,"2017",1
19654,"2018",2
19654,"2019",1
19655,"2014",1
19689,"2014",1
19702,"2014",1
19702,"2015",1
19702,"2016",1
19702,"2017",1
19702,"2018",2
19706,"2014",1
19706,"2015",1
19706,"2016",1
19706,"2017",1
19706,"2018",2
19706,"2019",2
19707,"2014",1
19707,"2016",1
19707,"2017",1
19707,"2018",1
19713,"2015",1
19718,"2014",1
19718,"2015",1
19718,"2016",1
19719,"2014",1
19719,"2015",1
19719,"2016",1
19719,"2017",1
19719,"2018",2
19721,"2014",1
19740,"2014",1
19740,"2015",1
19740,"2016",1
19740,"2017",1
19740,"2018",1
19742,"2014",1
19742,"2015",1
19742,"2016",1
19742,"2017",1
19742,"2018",1
19748,"2013",1
19748,"2014",1
19764,"2014",1
19764,"2015",1
19764,"2016",1
19764,"2017",1
19764,"2018",2
19764,"2019",1
19766,"2014",1
19766,"2015",1
19766,"2016",1
19766,"2017",1
19766,"2018",1
19767,"2014",1
19767,"2015",1
19769,"2014",1
19769,"2015",1
19769,"2016",1
19771,"2014",1
19772,"2014",1
19791,"2014",1
19809,"2015",1
19809,"2016",1
19809,"2017",1
19809,"2018",2
19809,"2019",1
19815,"2014",1
19815,"2015",1
19815,"2016",1
19815,"2017",1
19832,"2014",1
19832,"2015",1
19832,"2016",1
19832,"2017",1
19832,"2018",1
19832,"2019",2
19839,"2014",1
19840,"2014",1
19846,"2014",1
19846,"2015",1
19846,"2016",1
19846,"2017",1
19846,"2018",1
19862,"2014",1
19862,"2015",1
19862,"2016",1
19865,"2014",1
19874,"2014",1
19874,"2015",1
19874,"2016",1
19874,"2017",1
19874,"2018",1
19875,"2014",1
19875,"2015",1
19875,"2016",1
19875,"2017",1
19875,"2018",1
19875,"2019",1
19880,"2014",1
19880,"2015",1
19880,"2016",1
19880,"2017",1
19880,"2018",1
19880,"2019",1
19881,"2014",1
19881,"2015",1
19881,"2016",1
19881,"2017",1
19882,"2014",1
19882,"2016",1
19882,"2017",1
19882,"2018",1
19883,"2014",2
19884,"2014",1
19884,"2015",1
19901,"2014",1
19901,"2015",1
19909,"2014",1
19981,"2015",1
19981,"2016",1
19981,"2017",1
19981,"2018",1
19983,"2015",1
19983,"2016",1
19983,"2017",1
19983,"2018",2
19983,"2019",1
19984,"2015",1
19984,"2016",1
19984,"2017",1
19984,"2018",1
19984,"2019",2
19987,"2014",1
19987,"2015",1
20044,"2014",1
20044,"2015",1
20044,"2016",1
20044,"2017",1
20059,"2015",1
20059,"2016",1
20060,"2015",1
20060,"2016",2
20060,"2017",1
20060,"2018",1
20060,"2019",2
20061,"2015",1
20061,"2016",1
20061,"2017",1
20061,"2018",1
20062,"2015",1
20062,"2016",1
20062,"2017",1
20062,"2018",1
20064,"2015",1
20064,"2016",1
20064,"2017",1
20064,"2018",1
20077,"2015",1
20077,"2016",1
20077,"2017",1
20077,"2018",2
20079,"2015",1
20079,"2016",1
20079,"2017",1
20079,"2018",1
20080,"2015",1
20081,"2015",1
20081,"2016",1
20081,"2017",1
20155,"2014",1
20155,"2015",1
20155,"2016",1
20156,"2014",1
20156,"2015",1
20156,"2016",1
20180,"2014",1
20180,"2015",1
20180,"2016",1
20190,"2015",1
20191,"2015",1
20191,"2016",1
20191,"2017",1
20191,"2018",1
20191,"2019",1
20193,"2015",1
20193,"2016",1
20193,"2017",1
20198,"2014",1
20198,"2015",1
20198,"2016",1
20198,"2017",1
20199,"2014",1
20199,"2015",1
20199,"2016",1
20199,"2017",1
20199,"2018",2
20200,"2015",1
20200,"2016",1
20200,"2017",1
20200,"2018",1
20200,"2019",1
20202,"2015",1
20202,"2016",1
20202,"2017",1
20202,"2018",1
20220,"2015",1
20220,"2016",1
20220,"2017",1
20220,"2018",1
20220,"2019",1
20223,"2015",1
20223,"2016",1
20223,"2017",1
20223,"2018",1
20223,"2019",1
20235,"2015",1
20235,"2016",1
20235,"2017",1
20235,"2018",1
20235,"2019",1
20263,"2014",1
20295,"2015",1
20295,"2016",1
20295,"2017",1
20295,"2018",1
20295,"2019",3
20297,"2015",1
20297,"2016",1
20297,"2017",1
20297,"2018",1
20341,"2015",1
20341,"2016",1
20341,"2017",3
20341,"2018",2
20342,"2015",1
20342,"2016",1
20342,"2017",1
20342,"2018",1
20342,"2019",1
20352,"2015",1
20353,"2015",2
20353,"2016",1
20353,"2017",1
20353,"2018",1
20353,"2019",1
20409,"2014",1
20409,"2015",1
20409,"2016",1
20409,"2017",1
20409,"2018",1
20423,"2015",1
20423,"2016",1
20445,"2015",1
20445,"2016",1
20447,"2015",1
20447,"2016",2
20447,"2017",1
20447,"2018",1
20447,"2019",1
20495,"2015",1
20495,"2016",1
20495,"2017",1
20495,"2018",1
20495,"2019",1
20504,"2015",1
20504,"2016",1
20504,"2017",1
20504,"2018",2
20504,"2019",1
20505,"2015",1
20523,"2015",1
20523,"2016",1
20523,"2017",1
20523,"2018",1
20525,"2015",1
20525,"2016",1
20525,"2017",1
20525,"2018",1
20525,"2019",1
20530,"2015",1
20534,"2015",1
20537,"2015",1
20537,"2016",1
20537,"2017",2
20537,"2018",1
20537,"2019",2
20538,"2015",1
20567,"2015",1
20570,"2015",1
20570,"2016",1
20570,"2017",1
20573,"2015",1
20573,"2016",1
20628,"2015",1
20628,"2016",1
20628,"2017",1
20628,"2018",1
20632,"2015",1
20632,"2016",1
20632,"2017",1
20634,"2015",1
20634,"2016",1
20634,"2017",1
20635,"2015",1
20635,"2016",1
20635,"2017",1
20635,"2018",1
20645,"2015",1
20685,"2015",1
20685,"2016",1
20685,"2017",1
20685,"2018",1
20685,"2019",2
20686,"2015",1
20686,"2016",2
20686,"2017",1
20686,"2018",1
20686,"2019",1
20687,"2015",1
20688,"2015",1
20688,"2016",1
20688,"2017",1
20688,"2018",1
20688,"2019",1
20694,"2015",1
20694,"2016",1
20729,"2015",1
20729,"2016",1
20729,"2017",1
20729,"2018",1
20732,"2015",1
20732,"2016",1
20732,"2017",1
20734,"2015",1
20734,"2016",1
20734,"2017",2
20756,"2015",1
20756,"2016",2
20756,"2017",1
20756,"2018",1
20777,"2015",1
20778,"2015",1
20778,"2016",1
20778,"2017",1
20778,"2018",2
20796,"2015",1
20797,"2015",1
20798,"2015",1
20804,"2015",1
20804,"2016",1
20804,"2017",2
20804,"2018",1
20805,"2015",1
20806,"2019",1
20812,"2015",1
20812,"2016",1
20813,"2015",1
20813,"2016",1
20814,"2015",1
20819,"2015",1
20819,"2016",1
20819,"2017",1
20825,"2015",1
20825,"2016",1
20825,"2017",1
20825,"2018",1
20835,"2015",1
20835,"2016",1
20835,"2017",1
20836,"2015",1
20836,"2016",1
20836,"2017",1
20836,"2018",1
20857,"2015",1
20857,"2016",1
20857,"2017",1
20857,"2018",1
20857,"2019",1
20857,"2020",1
20858,"2015",1
20859,"2015",1
20859,"2016",1
20862,"2015",1
20862,"2016",1
20862,"2017",1
20862,"2018",1
20862,"2019",1
20864,"2015",1
20864,"2016",1
20864,"2017",1
20864,"2018",1
20864,"2019",1
20865,"2015",1
20865,"2016",1
20865,"2017",1
20865,"2018",1
20866,"2015",1
20866,"2016",1
20866,"2017",2
20866,"2018",2
20867,"2016",1
20867,"2017",1
20868,"2015",1
20871,"2015",1
20873,"2015",1
20873,"2016",1
20873,"2017",1
20883,"2015",1
20883,"2016",1
20884,"2015",1
20904,"2015",1
20904,"2016",1
20904,"2017",1
20904,"2018",1
20914,"2016",1
20914,"2017",1
20914,"2018",3
20916,"2015",1
20916,"2018",1
20916,"2019",1
20917,"2015",1
20918,"2015",1
20919,"2015",1
20919,"2016",1
20919,"2017",1
20919,"2018",1
20919,"2019",1
20920,"2015",1
20920,"2016",1
20920,"2017",1
20920,"2018",1
20921,"2015",1
20921,"2016",1
20921,"2017",1
20923,"2015",1
20923,"2016",1
20936,"2015",1
20939,"2015",1
20939,"2016",1
20939,"2017",1
20939,"2018",1
20940,"2015",1
20940,"2016",1
20940,"2017",1
20940,"2018",1
20941,"2015",1
20941,"2016",1
20941,"2017",1
20942,"2015",1
20942,"2016",1
20942,"2017",1
20942,"2018",1
20942,"2019",1
20943,"2015",1
20944,"2015",2
20944,"2016",2
20944,"2017",2
20945,"2015",1
20945,"2016",1
20945,"2017",1
20945,"2018",1
20945,"2019",1
20946,"2015",1
20946,"2016",1
20948,"2015",1
20948,"2016",1
20948,"2017",1
20948,"2018",1
20948,"2020",1
20950,"2015",1
20950,"2016",1
20950,"2017",2
20950,"2018",1
20952,"2015",1
20952,"2016",1
20954,"2015",1
20957,"2015",1
20992,"2015",1
20993,"2015",1
20995,"2015",1
20995,"2016",1
20995,"2017",1
20997,"2015",1
20997,"2016",1
21003,"2015",1
21003,"2016",1
21003,"2017",1
21004,"2015",1
21006,"2015",1
21006,"2016",1
21006,"2017",1
21006,"2018",1
21007,"2015",1
21007,"2016",1
21007,"2017",1
21007,"2018",1
21007,"2019",1
21022,"2015",1
21022,"2016",1
21022,"2017",1
21022,"2018",1
21022,"2019",1
21023,"2015",1
21023,"2016",1
21023,"2017",1
21023,"2018",2
21023,"2019",1
21031,"2015",1
21031,"2016",1
21031,"2017",1
21031,"2018",1
21031,"2019",1
21043,"2015",1
21043,"2016",2
21043,"2017",1
21043,"2018",1
21043,"2019",1
21046,"2015",1
21046,"2016",1
21046,"2017",1
21046,"2018",1
21046,"2019",1
21048,"2015",1
21052,"2015",1
21058,"2015",1
21058,"2016",2
21058,"2017",1
21060,"2015",1
21062,"2015",1
21075,"2015",1
21075,"2016",1
21075,"2017",1
21075,"2018",1
21096,"2015",1
21097,"2015",1
21097,"2016",1
21100,"2015",1
21100,"2016",2
21117,"2015",1
21117,"2016",1
21117,"2017",1
21137,"2015",1
21137,"2016",1
21137,"2017",1
21150,"2015",1
21155,"2015",1
21155,"2016",1
21155,"2017",1
21155,"2018",1
21155,"2019",1
21159,"2015",1
21169,"2015",1
21169,"2016",1
21169,"2017",1
21169,"2018",1
21199,"2015",1
21199,"2016",1
21199,"2017",1
21215,"2015",1
21215,"2016",1
21215,"2017",1
21215,"2018",1
21215,"2019",1
21216,"2015",1
21216,"2016",1
21216,"2017",1
21216,"2018",1
21216,"2019",1
21222,"2015",1
21222,"2016",1
21222,"2017",1
21222,"2018",1
21223,"2015",1
21223,"2016",1
21223,"2017",1
21223,"2018",1
21227,"2015",1
21227,"2016",1
21227,"2017",1
21238,"2015",1
21238,"2016",1
21239,"2015",1
21239,"2016",1
21239,"2017",1
21239,"2018",1
21239,"2019",1
21247,"2015",1
21247,"2016",1
21247,"2017",1
21247,"2018",1
21248,"2016",1
21248,"2017",1
21257,"2015",1
21257,"2016",1
21257,"2017",1
21265,"2015",1
21269,"2017",1
21270,"2015",1
21272,"2015",1
21272,"2016",1
21273,"2015",1
21273,"2016",1
21273,"2017",1
21273,"2018",1
21276,"2015",1
21276,"2016",1
21276,"2017",1
21276,"2018",1
21276,"2019",1
21277,"2015",1
21277,"2016",1
21277,"2017",1
21277,"2018",1
21277,"2019",1
21279,"2015",1
21279,"2016",1
21279,"2017",1
21279,"2018",1
21279,"2019",1
21279,"2020",2
21281,"2015",1
21281,"2016",1
21281,"2017",1
21281,"2018",1
21281,"2019",1
21294,"2015",1
21294,"2016",1
21294,"2017",1
21294,"2019",1
21297,"2015",1
21297,"2016",1
21297,"2017",1
21297,"2018",1
21325,"2015",1
21325,"2016",1
21325,"2017",1
21328,"2015",1
21329,"2016",1
21329,"2017",1
21329,"2018",1
21329,"2019",1
21331,"2015",1
21331,"2016",1
21331,"2017",1
21331,"2018",1
21331,"2019",1
21332,"2015",1
21332,"2016",1
21332,"2017",2
21333,"2015",1
21333,"2016",1
21342,"2015",1
21342,"2016",1
21342,"2017",1
21342,"2018",1
21342,"2019",1
21342,"2020",1
21350,"2015",1
21350,"2016",1
21350,"2017",1
21350,"2018",1
21350,"2019",1
21355,"2015",1
21355,"2016",1
21355,"2017",1
21355,"2018",1
21356,"2015",1
21357,"2015",1
21357,"2016",1
21357,"2017",1
21359,"2015",1
21359,"2016",1
21364,"2015",1
21364,"2016",1
21364,"2017",1
21365,"2015",1
21365,"2016",1
21366,"2015",1
21366,"2016",1
21366,"2017",1
21367,"2015",1
21367,"2016",1
21367,"2017",1
21367,"2018",1
21368,"2015",2
21368,"2016",1
21368,"2017",1
21368,"2018",1
21368,"2019",1
21377,"2015",1
21377,"2016",1
21377,"2017",2
21377,"2018",1
21382,"2015",1
21382,"2016",2
21382,"2017",1
21382,"2018",2
21383,"2015",1
21384,"2015",1
21384,"2016",1
21387,"2015",1
21387,"2016",1
21387,"2017",1
21387,"2018",1
21387,"2019",1
21387,"2020",1
21387,"2021",1
21389,"2015",1
21389,"2016",1
21389,"2017",1
21389,"2018",2
21389,"2019",1
21393,"2015",1
21393,"2016",1
21393,"2017",2
21393,"2018",2
21393,"2019",1
21395,"2015",1
21395,"2016",1
21395,"2017",1
21395,"2018",1
21396,"2015",2
21396,"2016",2
21396,"2017",1
21405,"2015",1
21406,"2015",1
21407,"2015",1
21408,"2015",1
21417,"2015",1
21417,"2016",1
21418,"2015",1
21425,"2015",1
21429,"2015",1
21430,"2015",1
21431,"2015",1
21441,"2015",1
21443,"2015",1
21444,"2015",1
21451,"2015",1
21452,"2015",1
21457,"2015",1
21458,"2015",1
21460,"2015",1
21466,"2015",1
21467,"2015",1
21468,"2015",1
21468,"2016",1
21475,"2015",1
21476,"2015",1
21477,"2015",1
21478,"2015",1
21479,"2015",1
21480,"2015",1
21487,"2015",1
21487,"2016",1
21487,"2017",1
21487,"2019",1
21488,"2015",1
21488,"2016",3
21488,"2017",1
21488,"2018",1
21488,"2019",2
21495,"2015",1
21495,"2016",1
21495,"2017",1
21495,"2018",1
21495,"2019",1
21496,"2015",1
21497,"2015",1
21498,"2015",1
21499,"2015",1
21505,"2016",1
21505,"2017",1
21505,"2018",1
21506,"2015",1
21513,"2015",2
21513,"2016",1
21513,"2017",1
21513,"2018",1
21513,"2019",1
21545,"2015",1
21568,"2015",1
21574,"2015",1
21576,"2015",1
21578,"2016",1
21578,"2017",1
21578,"2018",1
21578,"2019",1
21581,"2015",1
21582,"2015",1
21585,"2015",1
21588,"2015",1
21589,"2015",1
21590,"2015",1
21631,"2015",1
21632,"2015",1
21634,"2015",1
21636,"2015",1
21637,"2015",1
21653,"2015",1
21654,"2015",1
21658,"2015",1
21665,"2015",1
21665,"2016",1
21676,"2019",1
21676,"2020",1
21676,"2021",1
21678,"2015",1
21685,"2015",1
21685,"2016",1
21686,"2015",1
21687,"2015",1
21700,"2015",1
21701,"2015",1
21702,"2015",1
21703,"2015",1
21704,"2015",1
21716,"2015",1
21716,"2016",1
21716,"2017",1
21716,"2018",1
21716,"2019",1
21799,"2015",1
21822,"2015",1
21823,"2015",1
21823,"2016",1
21823,"2017",1
21830,"2015",1
21830,"2016",1
21831,"2015",1
21845,"2015",1
21847,"2015",1
21853,"2015",1
21853,"2016",1
21853,"2017",1
21853,"2018",1
21857,"2015",1
21864,"2015",1
21865,"2015",1
21865,"2016",1
21865,"2017",1
21865,"2018",1
21866,"2015",1
21866,"2016",1
21867,"2015",1
21867,"2016",1
21867,"2017",1
21867,"2018",1
21868,"2015",1
21868,"2016",1
21868,"2017",1
21868,"2018",2
21875,"2015",1
21876,"2015",1
21878,"2015",1
21878,"2016",1
21878,"2017",1
21878,"2018",1
21879,"2015",1
21882,"2015",1
21907,"2015",1
21907,"2016",1
21907,"2017",1
21907,"2018",1
21908,"2015",1
21908,"2016",1
21908,"2017",2
21910,"2015",1
21910,"2016",1
21910,"2017",1
21911,"2015",1
21921,"2015",1
21921,"2017",1
21921,"2018",1
21984,"2016",1
21984,"2017",1
21984,"2018",1
21985,"2016",1
21985,"2017",1
21985,"2018",1
21985,"2019",1
21993,"2016",1
21993,"2017",1
21993,"2018",1
21993,"2019",1
22001,"2017",1
22008,"2016",1
22008,"2017",1
22008,"2018",1
22008,"2019",1
22016,"2016",1
22016,"2017",1
22016,"2018",1
22049,"2016",1
22062,"2016",1
22062,"2017",1
22062,"2018",1
22068,"2016",1
22081,"2016",1
22117,"2017",1
22117,"2018",1
22194,"2017",1
22194,"2018",1
22194,"2019",1
22219,"2017",1
22221,"2017",1
22236,"2019",1
22236,"2020",1
22236,"2021",1
22274,"2017",1
22274,"2018",1
22278,"2018",1
22278,"2019",1
22296,"2017",1
22296,"2018",1
22296,"2019",1
22297,"2017",1
22297,"2018",1
22297,"2019",1
22358,"2017",1
22358,"2018",1
22358,"2019",1
22358,"2020",1
22369,"2017",1
22369,"2018",1
22373,"2017",2
22373,"2018",1
22373,"2019",2
22425,"2017",1
22425,"2018",2
22445,"2018",1
22447,"2016",1
22449,"2017",1
22449,"2018",1
22449,"2019",2
22465,"2016",1
22465,"2017",1
22465,"2018",1
22469,"2018",1
22495,"2017",1
22495,"2018",1
22495,"2019",1
22502,"2017",1
22517,"2017",1
22517,"2018",1
22544,"2017",1
22575,"2017",1
22575,"2018",1
22575,"2019",1
22591,"2017",1
22591,"2018",1
22591,"2019",1
22594,"2017",1
22605,"2017",1
22605,"2018",1
22640,"2018",1
22640,"2019",1
22652,"2018",1
22652,"2019",1
22652,"2020",1
22652,"2021",1
22652,"2022",1
22652,"2023",1
22657,"2018",1
22657,"2019",1
22758,"2018",2
22759,"2018",1
22759,"2019",3
22761,"2017",1
22761,"2018",1
22761,"2019",1
22778,"2018",2
22778,"2019",1
22781,"2018",1
22781,"2019",1
22865,"2018",1
22865,"2019",1
22865,"2020",1
22890,"2018",1
22891,"2018",1
22891,"2019",1
22891,"2020",1
22921,"2018",1
22975,"2018",1
22978,"2018",1
22978,"2019",2
22978,"2020",1
22978,"2021",1
22982,"2019",2
22987,"2018",1
22994,"2018",1
22994,"2019",1
23023,"2018",3
23023,"2019",3
23023,"2020",1
23027,"2018",1
23027,"2019",1
23027,"2020",1
23027,"2021",1
23052,"2018",2
23054,"2018",1
23054,"2019",1
23054,"2020",1
23054,"2021",1
23128,"2018",1
23189,"2018",1
23189,"2019",2
23193,"2018",1
23193,"2019",1
23193,"2020",1
23193,"2021",1
23193,"2022",2
23220,"2018",1
23294,"2018",1
23294,"2019",2
23294,"2020",1
23294,"2021",1
23295,"2018",1
23295,"2020",1
23300,"2018",2
23301,"2018",2
23319,"2019",1
23319,"2020",1
23320,"2018",1
23320,"2019",2
23326,"2018",2
23326,"2019",1
23378,"2019",1
23461,"2018",1
23466,"2019",1
23466,"2020",2
23466,"2021",2
23532,"2019",2
23532,"2020",1
23532,"2021",1
23565,"2019",1
23565,"2020",1
23565,"2021",1
23572,"2019",1
23599,"2018",1
23600,"2018",1
23629,"2018",1
23646,"2018",1
23646,"2019",1
23670,"2018",1
23672,"2018",1
23672,"2020",1
23697,"2018",1
23724,"2020",1
23724,"2021",1
23755,"2019",1
23760,"2019",2
23765,"2020",2
23796,"2019",2
23804,"2019",1
23806,"2019",1
23844,"2019",1
23860,"2019",1
23877,"2019",1
23877,"2020",2
23919,"2020",1
23919,"2021",1
23920,"2020",1
23921,"2020",1
23938,"2020",1
23938,"2021",1
23938,"2022",1
23967,"2020",1
23967,"2021",1
24002,"2020",1
24002,"2021",1
24002,"2022",1
24002,"2023",1
24002,"2024",1
24003,"2020",1
24003,"2021",1
24003,"2022",1
24004,"2020",1
24005,"2020",1
24033,"2020",1
24033,"2021",1
24033,"2023",1
24033,"2024",1
24160,"2021",1
24160,"2022",1
24256,"2020",1
24256,"2021",2
24256,"2023",1
24260,"2020",2
24260,"2021",1
24261,"2020",2
24268,"2020",1
24269,"2020",1
24274,"2020",1
24316,"2020",1
24317,"2020",1
24317,"2021",1
24318,"2020",1
24338,"2020",1
24338,"2021",1
24372,"2021",1
24375,"2020",1
24375,"2021",1
24409,"2020",2
24411,"2020",1
24411,"2021",2
24411,"2022",1
24424,"2020",1
24424,"2021",1
24424,"2022",1
24424,"2023",2
24431,"2020",1
24431,"2021",1
24451,"2020",1
24459,"2020",1
24459,"2021",1
24462,"2020",1
24463,"2020",2
24470,"2020",1
24471,"2020",1
24471,"2021",1
24471,"2024",1
24492,"2020",1
24494,"2020",2
24494,"2021",1
24506,"2020",1
24506,"2021",1
24526,"2020",1
24532,"2020",1
24532,"2021",1
24549,"2020",2
24551,"2020",1
24553,"2020",1
24577,"2020",1
24577,"2021",1
24578,"2020",1
24583,"2020",1
24583,"2021",1
24589,"2020",1
24591,"2020",1
24591,"2021",1
24591,"2022",1
24609,"2020",1
24609,"2021",1
24609,"2023",1
24609,"2024",1
24621,"2021",1
24621,"2022",1
24638,"2020",1
24655,"2020",1
24655,"2021",1
24659,"2020",1
24661,"2020",1
24661,"2021",1
24664,"2020",1
24664,"2021",1
24664,"2022",1
24673,"2020",1
24673,"2021",1
24696,"2020",1
24696,"2021",1
24696,"2022",1
24696,"2023",1
24702,"2020",2
24702,"2021",1
24702,"2022",1
24703,"2020",1
24703,"2021",1
24708,"2020",1
24709,"2020",1
24709,"2021",1
24710,"2020",1
24710,"2021",2
24721,"2020",1
24722,"2020",1
24739,"2020",2
24739,"2021",1
24744,"2021",1
24751,"2021",1
24754,"2020",1
24764,"2020",1
24770,"2020",1
24770,"2021",1
24784,"2020",1
24784,"2021",1
24787,"2020",1
24787,"2021",1
24787,"2022",1
24792,"2022",1
24793,"2020",1
24793,"2021",1
24794,"2020",1
24794,"2021",1
24796,"2020",1
24796,"2021",1
24796,"2022",1
24796,"2023",1
24796,"2024",1
24797,"2020",1
24798,"2020",1
24799,"2022",1
24803,"2021",2
24803,"2022",1
24804,"2020",1
24804,"2021",1
24813,"2020",2
24813,"2021",1
24813,"2022",2
24818,"2020",1
24818,"2021",2
24835,"2020",1
24835,"2021",1
24835,"2023",1
24835,"2024",1
24839,"2020",1
24839,"2021",1
24841,"2020",1
24850,"2020",1
24850,"2021",3
24857,"2020",1
24858,"2020",1
24859,"2020",1
24860,"2020",1
24861,"2020",1
24862,"2020",1
24863,"2020",1
24864,"2020",1
24864,"2021",1
24865,"2020",1
24866,"2020",2
24902,"2021",1
24940,"2022",1
24940,"2023",1
24940,"2024",1
24971,"2021",1
24983,"2021",1
24991,"2020",1
24991,"2021",1
24996,"2020",1
24996,"2021",1
25001,"2020",1
25015,"2021",1
25015,"2022",1
25029,"2021",2
25030,"2020",1
25031,"2020",1
25034,"2020",1
25053,"2020",1
25056,"2020",1
25061,"2020",1
25066,"2020",1
25082,"2020",1
25082,"2021",1
25091,"2020",1
25091,"2021",1
25092,"2021",1
25092,"2022",1
25098,"2020",1
25098,"2021",1
25098,"2022",1
25098,"2023",1
25098,"2024",1
25099,"2020",1
25099,"2021",1
25108,"2021",1
25119,"2022",1
25119,"2023",1
25142,"2021",1
25150,"2021",1
25153,"2021",1
25153,"2022",1
25154,"2021",1
25156,"2021",1
25156,"2022",1
25158,"2021",1
25158,"2022",1
25161,"2022",1
25169,"2021",1
25169,"2022",1
25174,"2021",1
25174,"2022",1
25174,"2023",1
25174,"2024",1
25179,"2021",1
25186,"2021",1
25186,"2022",1
25186,"2023",1
25186,"2024",1
25207,"2021",2
25207,"2022",1
25218,"2021",1
25224,"2021",1
25224,"2022",1
25230,"2021",1
25230,"2022",1
25230,"2023",1
25235,"2021",1
25239,"2023",1
25239,"2024",1
25245,"2023",1
25257,"2022",1
25275,"2022",1
25275,"2023",1
25275,"2024",1
25290,"2022",1
25290,"2023",1
25290,"2024",1
25302,"2022",1
25320,"2022",1
25334,"2023",1
25337,"2022",1
25342,"2022",1
25342,"2023",1
25342,"2024",1
25386,"2023",1
25386,"2024",1
25397,"2022",1
25406,"2022",1
25412,"2022",1
25413,"2022",1
25422,"2022",1
25422,"2023",1
25422,"2024",1
25423,"2022",1
25423,"2024",1
25430,"2022",1
25435,"2023",1
25437,"2023",1
25437,"2024",1
25448,"2022",1
25451,"2022",1
25461,"2023",1
25461,"2024",1
25462,"2023",1
25462,"2024",1
25476,"2023",1
25476,"2024",1
25477,"2023",1
25478,"2023",1
25478,"2024",1
25485,"2023",1
25485,"2024",1
25486,"2024",1
25487,"2023",1
25487,"2024",1
25488,"2023",1
25488,"2024",1
25513,"2023",1
25513,"2024",1
25514,"2023",1
25514,"2024",1
25549,"2023",1
25549,"2024",1
25555,"2023",1
25555,"2024",1
25558,"2023",1
25558,"2024",1
25583,"2023",1
25583,"2024",1
25591,"2023",1
25591,"2024",1
25604,"2023",1
25604,"2024",1
25605,"2024",1
25611,"2023",1
25611,"2024",1
25704,"2023",1
25736,"2023",1
25736,"2024",1
25737,"2023",1
25737,"2024",1
25751,"2023",1
25752,"2023",1
25752,"2024",1
25753,"2023",1
25753,"2024",1
25763,"2024",1
25767,"2023",1
25794,"2023",1
25794,"2024",1
25823,"2023",1
25823,"2024",1
25835,"2023",1
25835,"2024",1
25837,"2023",1
25837,"2024",1
25838,"2023",1
25838,"2024",1
25852,"2023",1
25852,"2024",1
25854,"2023",1
25854,"2024",1
25857,"2023",1
25857,"2024",1
25862,"2023",1
25863,"2023",1
25863,"2024",1
25865,"2023",1
25865,"2024",1
25870,"2024",1
25878,"2023",1
25878,"2024",1
25881,"2023",1
25881,"2024",1
25884,"2023",1
25884,"2024",1
25899,"2024",1
25902,"2024",1
25904,"2023",1
25904,"2024",1
25913,"2023",1
25913,"2024",1
25914,"2023",1
25916,"2023",1
25916,"2024",1
25917,"2023",1
25917,"2024",1
25940,"2023",1
25948,"2024",1
25965,"2023",1
25965,"2024",1
25966,"2023",1
25966,"2024",1
25967,"2023",1
25967,"2024",1
25968,"2023",1
25970,"2023",1
25970,"2024",1
25972,"2023",1
25972,"2024",1
25973,"2023",1
25973,"2024",1
25974,"2023",1
25974,"2024",1
25975,"2023",1
25975,"2024",1
25982,"2023",1
25982,"2024",1
25983,"2023",1
25983,"2024",1
25984,"2023",1
25985,"2023",1
25985,"2024",1
25987,"2023",1
25992,"2023",1
25992,"2024",1
25993,"2023",1
25993,"2024",1
25994,"2023",1
25994,"2024",1
25995,"2023",1
25995,"2024",1
25996,"2023",1
25996,"2024",1
25999,"2023",1
25999,"2024",1
26017,"2023",1
26017,"2024",1
26018,"2023",1
26018,"2024",1
26019,"2024",1
26022,"2023",1
26022,"2024",1
26023,"2023",1
26023,"2024",2
26024,"2023",1
26024,"2024",1
26027,"2023",1
26027,"2024",1
26028,"2023",1
26029,"2023",1
26029,"2024",1
26030,"2023",1
26030,"2024",1
26031,"2023",1
26032,"2023",1
26032,"2024",1
100004,"2023",1
100004,"2024",1
100009,"2023",1
100009,"2024",1
100010,"2023",1
100010,"2024",1
100011,"2023",1
100018,"2024",1
100019,"2023",1
100019,"2024",1
100021,"2023",1
100021,"2024",1
100022,"2023",1
100022,"2024",1
100023,"2023",1
100023,"2024",1
100029,"2023",1
100032,"2023",1
100032,"2024",1
100040,"2024",1
100047,"2024",1
100049,"2023",1
100049,"2024",1
100050,"2023",1
100050,"2024",1
100051,"2023",1
100051,"2024",1
100052,"2024",1
100055,"2023",1
100056,"2023",1
100060,"2023",1
100060,"2024",1
100065,"2024",1
100068,"2023",1
100068,"2024",1
100071,"2023",1
100071,"2024",1
100078,"2023",1
100078,"2024",1
100079,"2024",1
100103,"2023",1
100103,"2024",1
100104,"2024",1
100108,"2023",1
100108,"2024",1
100111,"2023",1
100111,"2024",1
100120,"2024",1
100121,"2024",1
100151,"2023",1
100151,"2024",1
100152,"2023",1
100169,"2023",1
100170,"2024",1
100185,"2023",1
100185,"2024",1
100207,"2024",1
100217,"2024",1
100218,"2023",1
100218,"2024",1
100222,"2024",1
100227,"2023",1
100227,"2024",1
100231,"2023",1
100232,"2024",1
100233,"2023",1
100233,"2024",1
100234,"2023",1
100234,"2024",1
100245,"2023",1
100245,"2024",1
100247,"2023",1
100247,"2024",1
100262,"2024",1
100263,"2024",1
100264,"2024",1
100265,"2024",1
100266,"2024",1
100267,"2024",1
100268,"2024",1
100269,"2024",1
100271,"2024",1
100272,"2024",1
100273,"2024",1
100274,"2024",1
100276,"2024",1
100277,"2024",1
100278,"2024",1
100285,"2024",1
100290,"2024",1
100365,"2024",1
100396,"2024",1
100458,"2024",1
