grid,stake,north,west,east
BT,-1,60.97061,138.07802,-138.07802
BT,0,60.9706,138.07861,-138.07861
BT,1,60.97086,138.07843,-138.07843
BT,A0,60.97058,138.07906,-138.07906
BT,A1,60.97083,138.07899,-138.07899
BT,A2,60.97111,138.07878,-138.07878
BT,A3,60.97134,138.07862,-138.07862
BT,A4,60.97159,138.07838,-138.07838
BT,B0,60.97065,138.07959,-138.07959
BT,B1,60.97092,138.07947,-138.07947
BT,B2,60.97113,138.07931,-138.07931
BT,B3,60.97136,138.0791,-138.0791
BT,B4,60.97163,138.07898,-138.07898
BT,C0,60.97084,138.08022,-138.08022
BT,C1,60.97103,138.0812,-138.0812
BT,C2,60.97127,138.07988,-138.07988
BT,C3,60.97152,138.0797,-138.0797
BT,C4,60.97179,138.07945,-138.07945
BT,D0,60.97084,138.08073,-138.08073
BT,D1,60.97106,138.08051,-138.08051
BT,D2,60.9713,138.08031,-138.08031
BT,D3,60.97157,138.0802,-138.0802
BT,D4,60.97182,138.07997,-138.07997
BT,D5,60.97208,138.07971,-138.07971
BT,E0,60.97094,138.08116,-138.08116
BT,E1,60.97117,138.08095,-138.08095
BT,E2,60.97148,138.08083,-138.08083
BT,E3,60.97171,138.0807,-138.0807
BT,E4,60.9718,138.08052,-138.08052
BT,E5,60.97224,138.08017,-138.08017
BT,F0,60.97104,138.08168,-138.08168
BT,F1,60.97134,138.08147,-138.08147
BT,F2,60.97152,138.0813,-138.0813
BT,F3,60.97184,138.08112,-138.08112
BT,F4,60.97207,138.08088,-138.08088
BT,F5,60.97225,138.0807,-138.0807
BT,F6,60.9725,138.08051,-138.08051
BT,G0,60.97118,138.08213,-138.08213
BT,G1,60.97143,138.08192,-138.08192
BT,G2,60.97165,138.08181,-138.08181
BT,G3,60.97196,138.08163,-138.08163
BT,G4,60.97221,138.08144,-138.08144
BT,G5,60.97249,138.08113,-138.08113
BT,G6,60.97272,138.08102,-138.08102
BT,G7,60.97297,138.0809,-138.0809
BT,G8,60.97317,138.08072,-138.08072
BT,H0,60.97126,138.08272,-138.08272
BT,H1,60.97157,138.08252,-138.08252
BT,H2,60.97182,138.08237,-138.08237
BT,H3,60.97205,138.08217,-138.08217
BT,H4,60.97231,138.08194,-138.08194
BT,H5,60.97257,138.08166,-138.08166
BT,H6,60.97277,138.08157,-138.08157
BT,H7,60.97297,138.08141,-138.08141
BT,H8,60.97326,138.08137,-138.08137
BT,I0,60.97136,138.08322,-138.08322
BT,I1,60.97159,138.08305,-138.08305
BT,I2,60.97192,138.08285,-138.08285
BT,I3,60.97214,138.08269,-138.08269
BT,I4,60.97241,138.08251,-138.08251
BT,I5,60.97267,138.08217,-138.08217
BT,I6,60.97291,138.08209,-138.08209
BT,I7,60.97324,138.08191,-138.08191
BT,I8,60.97346,138.08161,-138.08161
BT,J0,60.97146,138.08372,-138.08372
BT,J1,60.97171,138.08362,-138.08362
BT,J2,60.97198,138.08341,-138.08341
BT,J3,60.97223,138.0833,-138.0833
BT,J4,60.9725,138.08308,-138.08308
BT,J5,60.97277,138.08275,-138.08275
BT,J6,60.97334,138.08238,-138.08238
BT,J7,60.97359,138.08226,-138.08226
BT,J8,60.9736,138.08227,-138.08227
BT,J9,60.97389,138.08204,-138.08204
BT,K0,60.97154,138.08425,-138.08425
BT,K1,60.9718,138.08409,-138.08409
BT,K2,60.97206,138.08391,-138.08391
BT,K3,60.97234,138.08374,-138.08374
BT,K4,60.97259,138.0836,-138.0836
BT,K5,60.97284,138.08338,-138.08338
BT,K6,60.97324,138.08299,-138.08299
BT,K7,60.97351,138.08283,-138.08283
BT,K8,60.9737,138.08279,-138.08279
BT,K9,60.97397,138.08255,-138.08255
BT,L0,60.97168,138.08477,-138.08477
BT,L1,60.97187,138.08461,-138.08461
BT,L2,60.97209,138.0844,-138.0844
BT,L3,60.97238,138.08422,-138.08422
BT,L4,60.97261,138.08408,-138.08408
BT,L5,60.97288,138.0839,-138.0839
BT,L6,60.97317,138.08368,-138.08368
BT,L7,60.97353,138.0833,-138.0833
BT,L8,60.97374,138.08332,-138.08332
BT,L9,60.97403,138.08314,-138.08314
BT,M0,60.97182,138.08533,-138.08533
BT,M1,60.97208,138.08509,-138.08509
BT,M2,60.97234,138.08491,-138.08491
BT,M3,60.9725,138.08474,-138.08474
BT,M4,60.97281,138.08455,-138.08455
BT,M5,60.97302,138.08438,-138.08438
BT,M6,60.97329,138.08416,-138.08416
BT,M7,60.97365,138.08381,-138.08381
BT,M8,60.97389,138.08385,-138.08385
BT,N0,60.97191,138.08582,-138.08582
BT,N1,60.97218,138.08558,-138.08558
BT,N2,60.97242,138.0855,-138.0855
BT,N3,60.9726,138.08516,-138.08516
BT,N4,60.97292,138.08507,-138.08507
BT,N5,60.97317,138.08488,-138.08488
BT,N6,60.97345,138.08463,-138.08463
BT,N7,60.9737,138.08433,-138.08433
BT,N8,60.97396,138.08434,-138.08434
BT,O0,60.97209,138.08631,-138.08631
BT,O1,60.97225,138.08613,-138.08613
BT,O2,60.97253,138.086,-138.086
BT,O3,60.97284,138.08572,-138.08572
BT,P0,60.97209,138.08684,-138.08684
BT,P1,60.97234,138.08665,-138.08665
BT,P2,60.97262,138.08656,-138.08656
BT,P3,60.97286,138.08636,-138.08636
BT,Q0,60.97219,138.08736,-138.08736
BT,Q1,60.9724,138.08715,-138.08715
BT,Q2,60.97266,138.08687,-138.08687
BT,Q3,60.97292,138.08671,-138.08671
BT,Q4,60.9732,138.08662,-138.08662
BT,R0,60.97231,138.08788,-138.08788
BT,R1,60.97255,138.08761,-138.08761
BT,R2,60.97277,138.08747,-138.08747
BT,R3,60.9731,138.08734,-138.08734
BT,S0,60.97243,138.0884,-138.0884
BT,S1,60.97263,138.03814,-138.03814
BT,S2,60.97289,138.088,-138.088
BT,S3,60.9731,138.08776,-138.08776
BT,T0,60.97258,138.08895,-138.08895
BT,T1,60.97281,138.08863,-138.08863
SU,-31,60.95405,138.03323,-138.03323
SU,-32,60.95385,138.03365,-138.03365
SU,-33,60.95364,138.03391,-138.03391
SU,-34,60.95339,138.03431,-138.03431
SU,-35,60.9532,138.03466,-138.03466
SU,-36,60.95294,138.03492,-138.03492
SU,-37,60.95279,138.03522,-138.03522
SU,-38,60.95251,138.03563,-138.03563
SU,-39,60.95227,138.03589,-138.03589
SU,-310,60.95208,138.03626,-138.03626
SU,-311,60.95184,138.03656,-138.03656
SU,-312,60.95163,138.03687,-138.03687
SU,-315,60.95095,138.03778,-138.03778
SU,-316,60.95072,138.03804,-138.03804
SU,-317,60.95054,138.03837,-138.03837
SU,-318,60.95035,138.03879,-138.03879
SU,-319,60.95014,138.03913,-138.03913
SU,-320,60.94991,138.03952,-138.03952
SU,-21,60.95416,138.03374,-138.03374
SU,-22,60.95392,138.03402,-138.03402
SU,-23,60.95372,138.03433,-138.03433
SU,-24,60.95349,138.03471,-138.03471
SU,-25,60.95326,138.0351,-138.0351
SU,-26,60.95311,138.0354,-138.0354
SU,-27,60.9529,138.03576,-138.03576
SU,-28,60.95266,138.03615,-138.03615
SU,-29,60.95243,138.0364,-138.0364
SU,-210,60.95226,138.03672,-138.03672
SU,-215,60.95111,138.03831,-138.03831
SU,-216,60.95089,138.03868,-138.03868
SU,-217,60.95065,138.03902,-138.03902
SU,-218,60.95042,138.03937,-138.03937
SU,-219,60.95022,138.03978,-138.03978
SU,-220,60.95004,138.04004,-138.04004
SU,-11,60.95431,138.03423,-138.03423
SU,-12,60.95415,138.03451,-138.03451
SU,-13,60.95396,138.0348,-138.0348
SU,-14,60.95372,138.03512,-138.03512
SU,-15,60.95349,138.03551,-138.03551
SU,-16,60.95327,138.03585,-138.03585
SU,-17,60.95304,138.03616,-138.03616
SU,-18,60.95281,138.0365,-138.0365
SU,-19,60.95264,138.03681,-138.03681
SU,-110,60.9524,138.03718,-138.03718
SU,-111,60.95217,138.0375,-138.0375
SU,-115,60.95126,138.0388,-138.0388
SU,-116,60.9511,138.03913,-138.03913
SU,-117,60.95088,138.0394,-138.0394
SU,-118,60.95068,138.03984,-138.03984
SU,-119,60.95045,138.04005,-138.04005
SU,-120,60.95019,138.0401,-138.0401
SU,1,60.95451,138.03469,-138.03469
SU,2,60.9543,138.03494,-138.03494
SU,3,60.95404,138.03532,-138.03532
SU,4,60.95377,138.03566,-138.03566
SU,5,60.95354,138.03597,-138.03597
SU,6,60.95334,138.03624,-138.03624
SU,7,60.95316,138.03663,-138.03663
SU,8,60.95295,138.03692,-138.03692
SU,9,60.95272,138.03726,-138.03726
SU,10,60.95252,138.03752,-138.03752
SU,11,60.95232,138.03787,-138.03787
SU,12,60.9521,138.03822,-138.03822
SU,15,60.95144,138.03922,-138.03922
SU,16,60.95116,138.03964,-138.03964
SU,17,60.95102,138.03997,-138.03997
SU,18,60.95075,138.04034,-138.04034
SU,19,60.95056,138.04058,-138.04058
SU,20,60.95036,138.04088,-138.04088
SU,A1,60.95464,138.03498,-138.03498
SU,A2,60.95448,138.03527,-138.03527
SU,A3,60.95432,138.03563,-138.03563
SU,A4,60.95403,138.03696,-138.03696
SU,A5,60.95383,138.03631,-138.03631
SU,A6,60.95359,138.0367,-138.0367
SU,A7,60.9534,138.03694,-138.03694
SU,A8,60.95318,138.03727,-138.03727
SU,A9,60.95297,138.03757,-138.03757
SU,A10,60.95273,138.03794,-138.03794
SU,A11,60.95254,138.03825,-138.03825
SU,A12,60.95231,138.03862,-138.03862
SU,A13,60.95209,138.03894,-138.03894
SU,A14,60.95184,138.03933,-138.03933
SU,A15,60.95165,138.03963,-138.03963
SU,A16,60.95142,138.03994,-138.03994
SU,A17,60.95125,138.04027,-138.04027
SU,A18,60.95105,138.04051,-138.04051
SU,A19,60.95079,138.04089,-138.04089
SU,A20,60.95055,138.04126,-138.04126
SU,B1,60.95481,138.03551,-138.03551
SU,B2,60.95458,138.03585,-138.03585
SU,B3,60.95438,138.03606,-138.03606
SU,B4,60.95413,138.03644,-138.03644
SU,B5,60.95393,138.0368,-138.0368
SU,B6,60.95373,138.03712,-138.03712
SU,B7,60.9535,138.03749,-138.03749
SU,B8,60.95324,138.0378,-138.0378
SU,B9,60.95307,138.03816,-138.03816
SU,B10,60.95279,138.03851,-138.03851
SU,B11,60.95259,138.03882,-138.03882
SU,B12,60.95241,138.03912,-138.03912
SU,B13,60.95222,138.03946,-138.03946
SU,B14,60.95201,138.0398,-138.0398
SU,B15,60.9517,138.04019,-138.04019
SU,B16,60.95151,138.04045,-138.04045
SU,B17,60.95125,138.04082,-138.04082
SU,B18,60.95103,138.04114,-138.04114
SU,B19,60.95087,138.04148,-138.04148
SU,B20,60.95067,138.04172,-138.04172
SU,C1,60.95495,138.03599,-138.03599
SU,C2,60.95475,138.03631,-138.03631
SU,C3,60.95451,138.03663,-138.03663
SU,C4,60.9543,138.03696,-138.03696
SU,C5,60.95408,138.03739,-138.03739
SU,C6,60.9539,138.03722,-138.03722
SU,C7,60.95365,138.03806,-138.03806
SU,C8,60.95349,138.03839,-138.03839
SU,C9,60.95326,138.03872,-138.03872
SU,C10,60.95304,138.03907,-138.03907
SU,C11,60.95277,138.0395,-138.0395
SU,C12,60.95253,138.03979,-138.03979
SU,C13,60.95234,138.04005,-138.04005
SU,C14,60.95212,138.04038,-138.04038
SU,C15,60.95187,138.04081,-138.04081
SU,C16,60.95168,138.04116,-138.04116
SU,C17,60.95145,138.04149,-138.04149
SU,C18,60.95123,138.04178,-138.04178
SU,C19,60.95103,138.04215,-138.04215
SU,C20,60.95079,138.0425,-138.0425
SU,D1,60.9551,138.03635,-138.03635
SU,D2,60.95493,138.03669,-138.03669
SU,D3,60.95471,138.03709,-138.03709
SU,D4,60.9545,138.03742,-138.03742
SU,D5,60.95429,138.03778,-138.03778
SU,D6,60.95407,138.03816,-138.03816
SU,D7,60.95386,138.03846,-138.03846
SU,D8,60.95364,138.03888,-138.03888
SU,D9,60.95343,138.03918,-138.03918
SU,D10,60.95318,138.03961,-138.03961
SU,D11,60.95297,138.03992,-138.03992
SU,D12,60.95278,138.04023,-138.04023
SU,D13,60.9525,138.04065,-138.04065
SU,D14,60.95229,138.04101,-138.04101
SU,D15,60.9521,138.0413,-138.0413
SU,D16,60.95185,138.04168,-138.04168
SU,D17,60.95163,138.04203,-138.04203
SU,D18,60.95139,138.04236,-138.04236
SU,D19,60.95115,138.04269,-138.04269
SU,D20,60.95096,138.04303,-138.04303
SU,E1,60.95529,138.03683,-138.03683
SU,E2,60.95516,138.03705,-138.03705
SU,E3,60.95491,138.03741,-138.03741
SU,E4,60.9547,138.03776,-138.03776
SU,E5,60.95445,138.03815,-138.03815
SU,E6,60.95426,138.03849,-138.03849
SU,E7,60.95407,138.0388,-138.0388
SU,E8,60.95375,138.03923,-138.03923
SU,E9,60.95357,138.03954,-138.03954
SU,E10,60.95336,138.03985,-138.03985
SU,E11,60.95314,138.04028,-138.04028
SU,E12,60.95293,138.04066,-138.04066
SU,E13,60.9527,138.04092,-138.04092
SU,E14,60.9525,138.04139,-138.04139
SU,E15,60.95227,138.04164,-138.04164
SU,E16,60.95205,138.04205,-138.04205
SU,E17,60.95187,138.04242,-138.04242
SU,E18,60.9516,138.04264,-138.04264
SU,E19,60.9514,138.04311,-138.04311
SU,E20,60.95114,138.04345,-138.04345
SU,F1,60.95544,138.03734,-138.03734
SU,F2,60.9552,138.03767,-138.03767
SU,F3,60.95498,138.03796,-138.03796
SU,F4,60.95468,138.0384,-138.0384
SU,F5,60.95446,138.03873,-138.03873
SU,F6,60.95429,138.03906,-138.03906
SU,F7,60.95413,138.03939,-138.03939
SU,F8,60.95385,138.0397,-138.0397
SU,F9,60.95366,138.04003,-138.04003
SU,F10,60.95347,138.04041,-138.04041
SU,F11,60.95322,138.04073,-138.04073
SU,F12,60.95299,138.04107,-138.04107
SU,F13,60.95278,138.04145,-138.04145
SU,F14,60.95261,138.04179,-138.04179
SU,F15,60.95239,138.04204,-138.04204
SU,F16,60.95216,138.04233,-138.04233
SU,F17,60.95191,138.04282,-138.04282
SU,F18,60.9517,138.04317,-138.04317
SU,F19,60.95152,138.04337,-138.04337
SU,F20,60.95133,138.04377,-138.04377
SU,G1,60.95563,138.03767,-138.03767
SU,G2,60.95542,138.03796,-138.03796
SU,G3,60.95518,138.03834,-138.03834
SU,G4,60.95501,138.03865,-138.03865
SU,G5,60.95478,138.03898,-138.03898
SU,G6,60.95463,138.03924,-138.03924
SU,G7,60.9543,138.03967,-138.03967
SU,G8,60.95411,138.03998,-138.03998
SU,G9,60.95389,138.04035,-138.04035
SU,G10,60.95364,138.04075,-138.04075
SU,G11,60.95348,138.04098,-138.04098
SU,G12,60.95319,138.04141,-138.04141
SU,G13,60.95301,138.04169,-138.04169
SU,G14,60.95271,138.04209,-138.04209
SU,G15,60.95253,138.04241,-138.04241
SU,G16,60.9523,138.04279,-138.04279
SU,G17,60.95209,138.04306,-138.04306
SU,G18,60.95189,138.04346,-138.04346
SU,G19,60.95167,138.04372,-138.04372
SU,G20,60.95147,138.04406,-138.04406
SU,H1,60.95577,138.03825,-138.03825
SU,H2,60.95558,138.03851,-138.03851
SU,H3,60.95535,138.03888,-138.03888
SU,H4,60.95511,138.03921,-138.03921
SU,H5,60.95493,138.03952,-138.03952
SU,H6,60.95469,138.03988,-138.03988
SU,H7,60.95447,138.04013,-138.04013
SU,H8,60.95427,138.04046,-138.04046
SU,H9,60.95404,138.04082,-138.04082
SU,H10,60.95379,138.04121,-138.04121
SU,H11,60.95356,138.04147,-138.04147
SU,H12,60.95337,138.0418,-138.0418
SU,H13,60.95309,138.04215,-138.04215
SU,H14,60.95292,138.04249,-138.04249
SU,H15,60.95267,138.04278,-138.04278
SU,H16,60.9525,138.04312,-138.04312
SU,H17,60.95224,138.04348,-138.04348
SU,H18,60.95205,138.04379,-138.04379
SU,H19,60.95181,138.04411,-138.04411
SU,H20,60.95161,138.04446,-138.04446
SU,I1,60.95599,138.03864,-138.03864
SU,I2,60.95575,138.03892,-138.03892
SU,I3,60.95554,138.0393,-138.0393
SU,I4,60.95533,138.03965,-138.03965
SU,I5,60.95505,138.04007,-138.04007
SU,I6,60.95485,138.04032,-138.04032
SU,I7,60.95464,138.04068,-138.04068
SU,I8,60.95441,138.04098,-138.04098
SU,I9,60.95417,138.04138,-138.04138
SU,I10,60.95393,138.04175,-138.04175
SU,I11,60.95374,138.04202,-138.04202
SU,I12,60.95357,138.04227,-138.04227
SU,I13,60.95334,138.04261,-138.04261
SU,I14,60.95304,138.04305,-138.04305
SU,I15,60.9529,138.04332,-138.04332
SU,I16,60.95267,138.0436,-138.0436
SU,I17,60.95241,138.04405,-138.04405
SU,I18,60.95221,138.04435,-138.04435
SU,I19,60.952,138.04472,-138.04472
SU,I20,60.95177,138.04502,-138.04502
SU,J1,60.95612,138.03914,-138.03914
SU,J2,60.9559,138.03946,-138.03946
SU,J3,60.95561,138.03986,-138.03986
SU,J4,60.95538,138.04017,-138.04017
SU,J5,60.95513,138.04064,-138.04064
SU,J6,60.95495,138.04091,-138.04091
SU,J7,60.95474,138.04118,-138.04118
SU,J8,60.95453,138.04156,-138.04156
SU,J9,60.95432,138.04183,-138.04183
SU,J10,60.95406,138.04223,-138.04223
SU,J11,60.95383,138.04256,-138.04256
SU,J12,60.95361,138.04287,-138.04287
SU,J13,60.95343,138.04311,-138.04311
SU,J14,60.95319,138.04349,-138.04349
SU,J15,60.9529,138.04383,-138.04383
SU,J16,60.95271,138.04421,-138.04421
SU,J17,60.95253,138.0445,-138.0445
SU,J18,60.95229,138.04486,-138.04486
SU,J19,60.95209,138.04519,-138.04519
SU,K1,60.95626,138.03952,-138.03952
SU,K2,60.95606,138.03989,-138.03989
SU,K3,60.95586,138.04019,-138.04019
SU,K4,60.95568,138.0405,-138.0405
SU,K5,60.95541,138.04085,-138.04085
SU,K6,60.95521,138.04119,-138.04119
SU,K7,60.95503,138.04154,-138.04154
SU,K8,60.95478,138.0419,-138.0419
SU,K9,60.95461,138.04214,-138.04214
SU,K10,60.95436,138.04253,-138.04253
SU,K11,60.95416,138.04283,-138.04283
SU,K12,60.95393,138.04317,-138.04317
SU,K13,60.95359,138.04364,-138.04364
SU,K14,60.95342,138.04389,-138.04389
SU,K15,60.9532,138.04425,-138.04425
SU,K16,60.95301,138.04457,-138.04457
SU,K17,60.95278,138.04488,-138.04488
SU,K18,60.95257,138.04529,-138.04529
SU,K19,60.95233,138.04558,-138.04558
SU,K20,60.95212,138.04595,-138.04595
SU,L1,60.95639,138.04006,-138.04006
SU,L2,60.9562,138.04041,-138.04041
SU,L3,60.95593,138.0408,-138.0408
SU,L4,60.95584,138.04108,-138.04108
SU,L5,60.95549,138.04145,-138.04145
SU,L6,60.95531,138.04138,-138.04138
SU,L7,60.95506,138.04213,-138.04213
SU,L8,60.9549,138.04237,-138.04237
SU,L9,60.95461,138.04275,-138.04275
SU,L10,60.95445,138.04314,-138.04314
SU,L11,60.95423,138.04349,-138.04349
SU,L12,60.95406,138.04377,-138.04377
SU,L13,60.95378,138.04409,-138.04409
SU,L14,60.95355,138.04448,-138.04448
SU,L15,60.95334,138.0448,-138.0448
SU,L16,60.95314,138.0451,-138.0451
SU,L17,60.95292,138.04539,-138.04539
SU,L18,60.95272,138.04579,-138.04579
SU,L19,60.95249,138.04612,-138.04612
SU,L20,60.95229,138.04644,-138.04644
SU,M1,60.95661,138.04051,-138.04051
SU,M2,60.95639,138.0408,-138.0408
SU,M3,60.95615,138.04112,-138.04112
SU,M4,60.95592,138.0414,-138.0414
SU,M5,60.95576,138.04173,-138.04173
SU,M6,60.95551,138.04219,-138.04219
SU,M7,60.95535,138.0424,-138.0424
SU,M8,60.95513,138.04274,-138.04274
SU,M9,60.95485,138.04318,-138.04318
SU,M10,60.95466,138.04353,-138.04353
SU,M11,60.9544,138.04379,-138.04379
SU,M12,60.95426,138.04411,-138.04411
SU,M13,60.95397,138.04453,-138.04453
SU,M14,60.95372,138.04476,-138.04476
SU,M15,60.95351,138.04512,-138.04512
SU,M16,60.95336,138.04548,-138.04548
SU,M17,60.9531,138.04585,-138.04585
SU,M18,60.95287,138.04619,-138.04619
SU,M19,60.95263,138.04649,-138.04649
SU,M20,60.95247,138.04682,-138.04682
SU,N1,60.95677,138.04089,-138.04089
SU,N2,60.95649,138.04126,-138.04126
SU,N3,60.9563,138.04162,-138.04162
SU,N4,60.95607,138.04192,-138.04192
SU,N5,60.95582,138.04239,-138.04239
SU,N6,60.95562,138.04267,-138.04267
SU,N7,60.95538,138.04303,-138.04303
SU,N8,60.95515,138.0433,-138.0433
SU,N9,60.95493,138.04375,-138.04375
SU,N10,60.95468,138.0439,-138.0439
SU,N11,60.95452,138.04426,-138.04426
SU,N12,60.95428,138.04468,-138.04468
SU,N13,60.95407,138.0484,-138.0484
SU,N14,60.95389,138.0453,-138.0453
SU,N15,60.9537,138.04562,-138.04562
SU,N16,60.95347,138.04595,-138.04595
SU,N17,60.95328,138.04631,-138.04631
SU,N18,60.95303,138.04663,-138.04663
SU,N19,60.9528,138.04699,-138.04699
SU,N20,60.95263,138.04724,-138.04724
SU,O1,60.9568,138.04151,-138.04151
SU,O2,60.95663,138.04167,-138.04167
SU,O3,60.95645,138.04209,-138.04209
SU,O4,60.95618,138.04243,-138.04243
SU,O5,60.95597,138.04275,-138.04275
SU,O6,60.95583,138.04307,-138.04307
SU,O7,60.95558,138.04341,-138.04341
SU,O8,60.95535,138.04378,-138.04378
SU,O9,60.95509,138.0441,-138.0441
SU,O10,60.9549,138.04443,-138.04443
SU,O11,60.95473,138.04472,-138.04472
SU,O12,60.95449,138.045,-138.045
SU,O13,60.95433,138.04536,-138.04536
SU,O14,60.95407,138.04566,-138.04566
SU,O15,60.95386,138.04599,-138.04599
SU,O16,60.95364,138.04642,-138.04642
SU,O17,60.95343,138.04666,-138.04666
SU,O18,60.95322,138.04697,-138.04697
SU,O19,60.95298,138.04838,-138.04838
SU,O20,60.95275,138.04769,-138.04769
SU,P1,60.95702,138.04186,-138.04186
SU,P2,60.95682,138.0423,-138.0423
SU,P3,60.95662,138.04248,-138.04248
SU,P4,60.95644,138.04277,-138.04277
SU,P5,60.95617,138.04314,-138.04314
SU,P6,60.95597,138.04342,-138.04342
SU,P7,60.95571,138.04376,-138.04376
SU,P8,60.95551,138.04413,-138.04413
SU,P9,60.9553,138.04444,-138.04444
SU,P10,60.95509,138.04476,-138.04476
SU,P11,60.95486,138.04507,-138.04507
SU,P12,60.95465,138.04543,-138.04543
SU,P13,60.95447,138.04571,-138.04571
SU,P14,60.95422,138.04611,-138.04611
SU,P15,60.954,138.04641,-138.04641
SU,P16,60.95382,138.04669,-138.04669
SU,P17,60.95355,138.04713,-138.04713
SU,P18,60.95333,138.04741,-138.04741
SU,P19,60.95312,138.04775,-138.04775
SU,P20,60.95291,138.04804,-138.04804
SU,Q1,60.95716,138.04235,-138.04235
SU,Q2,60.95691,138.04265,-138.04265
SU,Q3,60.95671,138.04297,-138.04297
SU,Q4,60.95651,138.04324,-138.04324
SU,Q5,60.9563,138.04363,-138.04363
SU,Q6,60.95603,138.04406,-138.04406
SU,Q7,60.95588,138.04424,-138.04424
SU,Q8,60.95565,138.04459,-138.04459
SU,Q9,60.95534,138.04502,-138.04502
SU,Q10,60.95515,138.04528,-138.04528
SU,Q11,60.95496,138.04565,-138.04565
SU,Q12,60.95472,138.046,-138.046
SU,Q13,60.95453,138.04632,-138.04632
SU,Q14,60.9543,138.04658,-138.04658
SU,Q15,60.95404,138.04686,-138.04686
SU,Q16,60.95384,138.04724,-138.04724
SU,Q17,60.95361,138.04756,-138.04756
SU,Q18,60.9534,138.04788,-138.04788
SU,Q19,60.9532,138.04825,-138.04825
SU,Q20,60.953,138.04855,-138.04855
SU,R1,60.95736,138.04276,-138.04276
SU,R2,60.95721,138.04303,-138.04303
SU,R3,60.95694,138.04334,-138.04334
SU,R4,60.95674,138.04364,-138.04364
SU,R5,60.9565,138.04404,-138.04404
SU,R6,60.95628,138.04437,-138.04437
SU,R7,60.95603,138.04474,-138.04474
SU,R8,60.95582,138.04504,-138.04504
SU,R9,60.95566,138.04541,-138.04541
SU,R10,60.95542,138.04572,-138.04572
SU,R11,60.95521,138.04609,-138.04609
SU,R12,60.95498,138.04642,-138.04642
SU,R13,60.9547,138.04679,-138.04679
SU,R14,60.9545,138.04711,-138.04711
SU,R15,60.95429,138.04744,-138.04744
SU,R16,60.95406,138.0478,-138.0478
SU,R17,60.95384,138.04805,-138.04805
SU,R18,60.95362,138.04847,-138.04847
SU,R19,60.95339,138.04883,-138.04883
SU,R20,60.95318,138.04913,-138.04913
SU,S1,60.95753,138.04319,-138.04319
SU,S2,60.95733,138.04353,-138.04353
SU,S3,60.95708,138.04393,-138.04393
SU,S4,60.95685,138.0443,-138.0443
SU,S5,60.95667,138.04458,-138.04458
SU,S6,60.95639,138.04498,-138.04498
SU,S7,60.95624,138.04523,-138.04523
SU,S8,60.95598,138.04564,-138.04564
SU,S9,60.95579,138.04594,-138.04594
SU,S10,60.95561,138.04617,-138.04617
SU,S11,60.95534,138.04664,-138.04664
SU,S12,60.95517,138.04697,-138.04697
SU,S13,60.95491,138.0473,-138.0473
SU,S14,60.9547,138.04769,-138.04769
SU,S15,60.95447,138.04797,-138.04797
SU,S16,60.95425,138.04889,-138.04889
SU,S17,60.95402,138.04868,-138.04868
SU,S18,60.9538,138.04904,-138.04904
SU,S19,60.95359,138.04941,-138.04941
SU,S20,60.95342,138.04967,-138.04967
SU,T1,60.95764,138.04372,-138.04372
SU,T2,60.95741,138.04407,-138.04407
SU,T3,60.95722,138.0444,-138.0444
SU,T4,60.95702,138.04473,-138.04473
SU,T5,60.95678,138.04497,-138.04497
SU,T6,60.95661,138.04537,-138.04537
SU,T7,60.95636,138.04571,-138.04571
SU,T8,60.95613,138.0461,-138.0461
SU,T9,60.95592,138.04642,-138.04642
SU,T10,60.95573,138.04671,-138.04671
SU,T11,60.9555,138.04714,-138.04714
SU,T12,60.95535,138.04747,-138.04747
SU,T13,60.95503,138.0478,-138.0478
SU,T14,60.95485,138.04813,-138.04813
SU,T15,60.95465,138.0484,-138.0484
SU,T16,60.95443,138.04876,-138.04876
SU,T17,60.95421,138.04914,-138.04914
SU,T18,60.95403,138.04942,-138.04942
SU,T19,60.95377,138.0498,-138.0498
SU,T20,60.95359,138.05013,-138.05013
SU,U1,60.95773,138.04416,-138.04416
SU,U2,60.95759,138.04447,-138.04447
SU,U3,60.95743,138.04474,-138.04474
SU,U4,60.95718,138.04512,-138.04512
SU,U5,60.95704,138.04541,-138.04541
SU,U6,60.9568,138.04581,-138.04581
SU,U7,60.95664,138.04624,-138.04624
SU,U8,60.95637,138.04655,-138.04655
SU,U9,60.95616,138.04683,-138.04683
SU,U10,60.95588,138.04725,-138.04725
SU,U11,60.95575,138.04747,-138.04747
SU,U12,60.95551,138.04788,-138.04788
SU,U13,60.95528,138.04818,-138.04818
SU,U14,60.95505,138.04856,-138.04856
SU,U15,60.95483,138.04883,-138.04883
KL,-89,60.95914,138.03589,-138.03589
KL,-810,60.95934,138.03551,-138.03551
KL,-811,60.95959,138.03523,-138.03523
KL,-812,60.9598,138.03499,-138.03499
KL,-813,60.96,138.0347,-138.0347
KL,-73,60.95759,138.03764,-138.03764
KL,-74,60.95777,138.0373,-138.0373
KL,-75,60.9579,138.03698,-138.03698
KL,-76,60.9581,138.03666,-138.03666
KL,-77,60.95835,138.0363,-138.0363
KL,-78,60.9586,138.03595,-138.03595
KL,-79,60.9588,138.03561,-138.03561
KL,-710,60.95908,138.03536,-138.03536
KL,-711,60.95932,138.03491,-138.03491
KL,-712,60.95957,138.03454,-138.03454
KL,-713,60.95976,138.03418,-138.03418
KL,-63,60.95749,138.03711,-138.03711
KL,-64,60.9577,138.0367,-138.0367
KL,-65,60.95788,138.03636,-138.03636
KL,-66,60.95811,138.03594,-138.03594
KL,-67,60.9583,138.03567,-138.03567
KL,-68,60.95858,138.0353,-138.0353
KL,-69,60.9588,138.03498,-138.03498
KL,-610,60.95905,138.03455,-138.03455
KL,-611,60.95925,138.03421,-138.03421
KL,-612,60.95946,138.03388,-138.03388
KL,-613,60.95973,138.03355,-138.03355
KL,-52,60.95709,138.03691,-138.03691
KL,-53,60.95733,138.03655,-138.03655
KL,-54,60.95752,138.03616,-138.03616
KL,-55,60.9577,138.03583,-138.03583
KL,-56,60.95793,138.03542,-138.03542
KL,-57,60.95814,138.03511,-138.03511
KL,-58,60.95833,138.03479,-138.03479
KL,-59,60.95852,138.03449,-138.03449
KL,-510,60.95871,138.03423,-138.03423
KL,-511,60.95905,138.03375,-138.03375
KL,-512,60.9592,138.03352,-138.03352
KL,-513,60.95942,138.03314,-138.03314
KL,-514,60.95964,138.03277,-138.03277
KL,-515,60.95982,138.03249,-138.03249
KL,-40,60.95669,138.03695,-138.03695
KL,-41,60.9568,138.03677,-138.03677
KL,-42,60.95704,138.03643,-138.03643
KL,-43,60.95723,138.03609,-138.03609
KL,-44,60.95744,138.03575,-138.03575
KL,-45,60.95764,138.03539,-138.03539
KL,-46,60.95785,138.03497,-138.03497
KL,-47,60.95801,138.03468,-138.03468
KL,-48,60.95824,138.03432,-138.03432
KL,-49,60.95849,138.03393,-138.03393
KL,-410,60.95871,138.03362,-138.03362
KL,-411,60.95889,138.03328,-138.03328
KL,-412,60.95907,138.03299,-138.03299
KL,-413,60.95925,138.03266,-138.03266
KL,-414,60.95946,138.03228,-138.03228
KL,-415,60.95962,138.03185,-138.03185
KL,-30,60.95661,138.03559,-138.03559
KL,-31,60.95664,138.03622,-138.03622
KL,-32,60.95677,138.03598,-138.03598
KL,-33,60.95695,138.03568,-138.03568
KL,-34,60.95717,138.03533,-138.03533
KL,-35,60.95739,138.03499,-138.03499
KL,-36,60.9576,138.03465,-138.03465
KL,-37,60.95784,138.03427,-138.03427
KL,-38,60.95802,138.03396,-138.03396
KL,-39,60.95832,138.03361,-138.03361
KL,-310,60.95848,138.03328,-138.03328
KL,-311,60.95871,138.03288,-138.03288
KL,-312,60.95888,138.03258,-138.03258
KL,-313,60.95906,138.03227,-138.03227
KL,-314,60.95924,138.03202,-138.03202
KL,-315,60.95944,138.03155,-138.03155
KL,-20,60.9562,138.03615,-138.03615
KL,-21,60.95641,138.03593,-138.03593
KL,-22,60.95665,138.03558,-138.03558
KL,-23,60.95684,138.03523,-138.03523
KL,-24,60.95705,138.03355,-138.03355
KL,-25,60.95725,138.03451,-138.03451
KL,-26,60.95747,138.03414,-138.03414
KL,-27,60.95767,138.0338,-138.0338
KL,-28,60.95793,138.03343,-138.03343
KL,-29,60.95812,138.03304,-138.03304
KL,-210,60.95828,138.03279,-138.03279
KL,-211,60.95847,138.03248,-138.03248
KL,-212,60.95863,138.03224,-138.03224
KL,-213,60.9589,138.03181,-138.03181
KL,-214,60.95913,138.03148,-138.03148
KL,-215,60.95933,138.03123,-138.03123
KL,-10,0,0,0
KL,-11,60.95622,138.03548,-138.03548
KL,-12,60.95644,138.03506,-138.03506
KL,-13,60.95663,138.0348,-138.0348
KL,-14,60.95679,138.03445,-138.03445
KL,-15,60.95701,138.03401,-138.03401
KL,-16,60.95721,138.03371,-138.03371
KL,-17,60.95745,138.03334,-138.03334
KL,-18,60.95769,138.03305,-138.03305
KL,-19,60.95789,138.03269,-138.03269
KL,-110,60.95807,138.03237,-138.03237
KL,-111,60.95825,138.03205,-138.03205
KL,-112,60.95854,138.0317,-138.0317
KL,-113,60.95877,138.0314,-138.0314
KL,-114,60.95897,138.03106,-138.03106
KL,-115,60.95916,138.03059,-138.03059
KL,0,60.95585,138.03547,-138.03547
KL,1,60.95604,138.03504,-138.03504
KL,2,60.95625,138.03472,-138.03472
KL,3,60.95647,138.0343,-138.0343
KL,4,60.95668,138.03394,-138.03394
KL,5,60.95688,138.03355,-138.03355
KL,6,60.95712,138.03325,-138.03325
KL,7,60.95732,138.03285,-138.03285
KL,8,60.95754,138.03255,-138.03255
KL,9,60.95774,138.03219,-138.03219
KL,10,60.95792,138.03184,-138.03184
KL,11,60.95814,138.03154,-138.03154
KL,12,60.95834,138.0312,-138.0312
KL,13,60.95858,138.03082,-138.03082
KL,14,60.95881,138.03052,-138.03052
KL,15,60.95903,138.0302,-138.0302
KL,A0,60.95569,138.03507,-138.03507
KL,A1,60.95585,138.03461,-138.03461
KL,A2,60.95605,138.0343,-138.0343
KL,A3,60.95626,138.03395,-138.03395
KL,A4,60.95647,138.03363,-138.03363
KL,A5,60.95671,138.03321,-138.03321
KL,A6,60.95691,138.03291,-138.03291
KL,A7,60.95712,138.03255,-138.03255
KL,A8,60.95737,138.03216,-138.03216
KL,A9,60.95756,138.03185,-138.03185
KL,A10,60.95778,138.03151,-138.03151
KL,A11,60.95797,138.03112,-138.03112
KL,A12,60.95818,138.03075,-138.03075
KL,A13,60.9584,138.03035,-138.03035
KL,A14,60.95861,138.03004,-138.03004
KL,A15,60.95881,138.02976,-138.02976
KL,A16,60.95903,138.02931,-138.02931
KL,A17,60.95924,138.02898,-138.02898
KL,A18,60.95944,138.02862,-138.02862
KL,A19,60.95963,138.02831,-138.02831
KL,A20,60.95982,138.02798,-138.02798
KL,B0,60.9554,138.03449,-138.03449
KL,B1,60.95566,138.03421,-138.03421
KL,B2,60.95592,138.03372,-138.03372
KL,B3,60.9561,138.03345,-138.03345
KL,B4,60.95632,138.0331,-138.0331
KL,B5,60.9565,138.0328,-138.0328
KL,B6,60.95675,138.03246,-138.03246
KL,B7,60.95698,138.0321,-138.0321
KL,B8,60.95725,138.03169,-138.03169
KL,B9,60.95739,138.03139,-138.03139
KL,B10,60.95756,138.03104,-138.03104
KL,B11,60.95778,138.03067,-138.03067
KL,B12,60.95803,138.03035,-138.03035
KL,B13,60.95823,138.02996,-138.02996
KL,B14,60.95845,138.02965,-138.02965
KL,B15,60.95867,138.0293,-138.0293
KL,B16,60.95888,138.02895,-138.02895
KL,B17,60.95905,138.02862,-138.02862
KL,B18,60.95926,138.02831,-138.02831
KL,B19,60.95948,138.02802,-138.02802
KL,B20,60.95968,138.02771,-138.02771
KL,C0,60.95529,138.03396,-138.03396
KL,C1,60.9556,138.03369,-138.03369
KL,C2,60.95576,138.03339,-138.03339
KL,C3,60.95598,138.033,-138.033
KL,C4,60.95619,138.03264,-138.03264
KL,C5,60.95642,138.03228,-138.03228
KL,C6,60.9566,138.03196,-138.03196
KL,C7,60.95682,138.03159,-138.03159
KL,C8,60.95704,138.03123,-138.03123
KL,C9,60.95722,138.03093,-138.03093
KL,C10,60.95748,138.03055,-138.03055
KL,C11,60.95767,138.03015,-138.03015
KL,C12,60.95787,138.02984,-138.02984
KL,C13,60.95816,138.02943,-138.02943
KL,C14,60.95831,138.02921,-138.02921
KL,C15,60.95861,138.02871,-138.02871
KL,C16,60.9588,138.02845,-138.02845
KL,C17,60.95897,138.02812,-138.02812
KL,C18,60.95916,138.02788,-138.02788
KL,C19,60.95934,138.02751,-138.02751
KL,C20,60.95948,138.02729,-138.02729
KL,D0,60.95519,138.03375,-138.03375
KL,D1,60.95532,138.03332,-138.03332
KL,D2,60.95552,138.03301,-138.03301
KL,D3,60.95578,138.03269,-138.03269
KL,D4,60.95598,138.03226,-138.03226
KL,D5,60.9562,138.03186,-138.03186
KL,D6,60.9564,138.03156,-138.03156
KL,D7,60.95658,138.0312,-138.0312
KL,D8,60.95681,138.03081,-138.03081
KL,D9,60.95702,138.03054,-138.03054
KL,D10,60.95728,138.03005,-138.03005
KL,D11,60.95746,138.02972,-138.02972
KL,D12,60.95766,138.02937,-138.02937
KL,D13,60.95785,138.02898,-138.02898
KL,D14,60.95805,138.0286,-138.0286
KL,D15,60.95822,138.02833,-138.02833
KL,D16,60.95839,138.02816,-138.02816
KL,D17,60.95866,138.0277,-138.0277
KL,D18,60.95886,138.02737,-138.02737
KL,D19,60.95908,138.027,-138.027
KL,D20,60.95929,138.02672,-138.02672
KL,E0,60.95507,138.03329,-138.03329
KL,E1,60.95522,138.03291,-138.03291
KL,E2,60.95546,138.03253,-138.03253
KL,E3,60.95571,138.0322,-138.0322
KL,E4,60.95588,138.0318,-138.0318
KL,E5,60.95612,138.0315,-138.0315
KL,E6,60.95633,138.03105,-138.03105
KL,E7,60.95651,138.03073,-138.03073
KL,E8,60.95669,138.03034,-138.03034
KL,E9,60.95695,138.02998,-138.02998
KL,E10,60.95715,138.02962,-138.02962
KL,E11,60.95735,138.0293,-138.0293
KL,E12,60.95753,138.02905,-138.02905
KL,E13,60.95782,138.02858,-138.02858
KL,E14,60.95799,138.02832,-138.02832
KL,E15,60.95813,138.02799,-138.02799
KL,E16,60.95833,138.02762,-138.02762
KL,E17,60.95856,138.02735,-138.02735
KL,E18,60.95878,138.02704,-138.02704
KL,E19,60.95898,138.02666,-138.02666
KL,E20,60.95913,138.02635,-138.02635
KL,F0,60.95631,138.02821,-138.02821
KL,F1,60.955,138.03242,-138.03242
KL,F2,60.95522,138.03209,-138.03209
KL,F3,60.95542,138.03175,-138.03175
KL,F4,60.95565,138.03141,-138.03141
KL,F5,60.95587,138.03105,-138.03105
KL,F6,60.95608,138.03072,-138.03072
KL,F7,60.9563,138.03033,-138.03033
KL,F8,60.9565,138.02993,-138.02993
KL,F9,60.95668,138.02964,-138.02964
KL,F10,60.95694,138.02924,-138.02924
KL,F11,60.95711,138.02889,-138.02889
KL,F12,60.95734,138.02857,-138.02857
KL,F13,60.95753,138.02821,-138.02821
KL,F14,60.95776,138.02789,-138.02789
KL,F15,60.95795,138.02758,-138.02758
KL,F16,60.95813,138.02726,-138.02726
KL,F17,60.95837,138.02692,-138.02692
KL,F18,60.95855,138.02659,-138.02659
KL,F19,60.95875,138.02627,-138.02627
KL,F20,60.959,138.02591,-138.02591
KL,G0,60.95472,138.0324,-138.0324
KL,G1,60.95487,138.03204,-138.03204
KL,G2,60.95507,138.03169,-138.03169
KL,G3,60.95528,138.03133,-138.03133
KL,G4,60.95546,138.03098,-138.03098
KL,G5,60.95569,138.03061,-138.03061
KL,G6,60.95595,138.03024,-138.03024
KL,G7,60.95615,138.02987,-138.02987
KL,G8,60.95632,138.0295,-138.0295
KL,G9,60.95651,138.02921,-138.02921
KL,G10,60.9567,138.02882,-138.02882
KL,G11,60.95698,138.02852,-138.02852
KL,G12,60.95716,138.02814,-138.02814
KL,G13,60.9574,138.02787,-138.02787
KL,G14,60.9576,138.02752,-138.02752
KL,G15,60.95778,138.02723,-138.02723
KL,G16,60.95798,138.02687,-138.02687
KL,G17,60.95816,138.02657,-138.02657
KL,G18,60.95839,138.02622,-138.02622
KL,G19,60.95859,138.02587,-138.02587
KL,G20,60.95877,138.0256,-138.0256
KL,G21,60.95905,138.02523,-138.02523
KL,H0,60.95451,138.03185,-138.03185
KL,H1,60.95474,138.03154,-138.03154
KL,H2,60.95497,138.03118,-138.03118
KL,H3,60.95519,138.03085,-138.03085
KL,H4,60.95538,138.03041,-138.03041
KL,H5,60.95556,138.03013,-138.03013
KL,H6,60.95575,138.02975,-138.02975
KL,H7,60.95596,138.02941,-138.02941
KL,H8,60.95618,138.02899,-138.02899
KL,H9,60.95639,138.02858,-138.02858
KL,H10,60.95663,138.02836,-138.02836
KL,H11,60.95685,138.02801,-138.02801
KL,H12,60.95707,138.02769,-138.02769
KL,H13,60.95725,138.02738,-138.02738
KL,H14,60.95744,138.02707,-138.02707
KL,H15,60.95772,138.0266,-138.0266
KL,H16,60.95787,138.02642,-138.02642
KL,H17,60.95806,138.0261,-138.0261
KL,H18,60.95826,138.02579,-138.02579
KL,H19,60.95843,138.02541,-138.02541
KL,H20,60.95866,138.02514,-138.02514
KL,I0,60.95427,138.0315,-138.0315
KL,I1,60.9545,138.03113,-138.03113
KL,I2,60.95468,138.03076,-138.03076
KL,I3,60.95492,138.03043,-138.03043
KL,I4,60.95512,138.03005,-138.03005
KL,I5,60.95534,138.02969,-138.02969
KL,I6,60.95554,138.02936,-138.02936
KL,I7,60.95575,138.02901,-138.02901
KL,I8,60.95597,138.02865,-138.02865
KL,I9,60.95618,138.02831,-138.02831
KL,I10,60.95639,138.02792,-138.02792
KL,I11,60.9566,138.02763,-138.02763
KL,I12,60.95682,138.02719,-138.02719
KL,I13,60.95703,138.0269,-138.0269
KL,I14,60.95722,138.02663,-138.02663
KL,I15,60.95741,138.02634,-138.02634
KL,I16,60.95764,138.02597,-138.02597
KL,I17,60.95782,138.02565,-138.02565
KL,I18,60.95804,138.02534,-138.02534
KL,I19,60.95822,138.02506,-138.02506
KL,I20,60.95841,138.02476,-138.02476
KL,I21,60.95863,138.02433,-138.02433
KL,J0,60.95421,138.03111,-138.03111
KL,J1,60.95433,138.03076,-138.03076
KL,J2,60.95456,138.03038,-138.03038
KL,J3,60.95479,138.02991,-138.02991
KL,J4,60.95499,138.02956,-138.02956
KL,J5,60.95513,138.02925,-138.02925
KL,J6,60.9554,138.02884,-138.02884
KL,J7,60.9556,138.0285,-138.0285
KL,J8,60.95581,138.02815,-138.02815
KL,J9,60.95601,138.02779,-138.02779
KL,J10,60.95625,138.02746,-138.02746
KL,J11,60.95646,138.02712,-138.02712
KL,J12,60.95665,138.02677,-138.02677
KL,J13,60.95684,138.02637,-138.02637
KL,J14,60.95705,138.0261,-138.0261
KL,J15,60.95729,138.02571,-138.02571
KL,J16,60.95747,138.02536,-138.02536
KL,J17,60.95766,138.02497,-138.02497
KL,J18,60.95787,138.02467,-138.02467
KL,J19,60.95806,138.02436,-138.02436
KL,J20,60.95824,138.02399,-138.02399
KL,K0,60.954,138.03063,-138.03063
KL,K1,60.95416,138.03029,-138.03029
KL,K2,60.9544,138.02988,-138.02988
KL,K3,0,0,0
KL,K4,60.95479,138.02921,-138.02921
KL,K5,60.95496,138.02887,-138.02887
KL,K6,60.95518,138.02845,-138.02845
KL,K7,60.95539,138.02803,-138.02803
KL,K8,60.95563,138.02776,-138.02776
KL,K9,60.95587,138.02736,-138.02736
KL,K10,60.95604,138.02703,-138.02703
KL,K11,60.95625,138.02657,-138.02657
KL,K12,60.95646,138.02622,-138.02622
KL,K13,60.95668,138.02583,-138.02583
KL,K14,60.95685,138.02554,-138.02554
KL,K15,60.95705,138.02516,-138.02516
KL,K16,60.95727,138.0248,-138.0248
KL,K17,60.95742,138.02441,-138.02441
KL,K18,60.95761,138.02401,-138.02401
KL,K19,60.95785,138.02366,-138.02366
KL,K20,60.95804,138.02333,-138.02333
KL,L0,60.95384,138.03018,-138.03018
KL,L1,60.95403,138.02982,-138.02982
KL,L2,60.95419,138.02945,-138.02945
KL,L3,0,0,0
KL,L4,60.95462,138.02871,-138.02871
KL,L5,60.95481,138.0284,-138.0284
KL,L6,60.95501,138.02804,-138.02804
KL,L7,60.95521,138.02763,-138.02763
KL,L8,60.95541,138.02728,-138.02728
KL,L9,60.95559,138.02693,-138.02693
KL,L10,60.95581,138.02653,-138.02653
KL,L11,60.95599,138.02618,-138.02618
KL,L12,60.95628,138.02583,-138.02583
KL,L13,60.95649,138.02546,-138.02546
KL,L14,60.95669,138.02509,-138.02509
KL,L15,60.95686,138.02474,-138.02474
KL,L16,60.95708,138.02437,-138.02437
KL,L17,60.95739,138.02403,-138.02403
KL,M0,60.95363,138.02975,-138.02975
KL,M1,60.95376,138.02942,-138.02942
KL,M2,60.95393,138.02903,-138.02903
KL,M3,60.95418,138.02863,-138.02863
KL,M4,60.95442,138.02832,-138.02832
KL,M5,60.95457,138.02795,-138.02795
KL,M6,60.95481,138.02765,-138.02765
KL,M7,60.95503,138.02726,-138.02726
KL,M8,60.95521,138.02688,-138.02688
KL,M9,60.95541,138.02654,-138.02654
KL,M10,60.95559,138.02614,-138.02614
KL,M11,60.95589,138.02575,-138.02575
KL,M12,60.95608,138.02545,-138.02545
KL,M13,60.95628,138.02505,-138.02505
KL,M14,60.95647,138.02467,-138.02467
KL,M15,60.95665,138.02436,-138.02436
KL,M16,60.95688,138.02393,-138.02393
KL,N0,60.95344,138.02924,-138.02924
KL,N1,60.95364,138.02903,-138.02903
KL,N2,60.9539,138.02858,-138.02858
KL,N3,60.95407,138.02827,-138.02827
KL,N4,60.95427,138.02787,-138.02787
KL,N5,60.95445,138.02757,-138.02757
KL,N6,60.95472,138.02717,-138.02717
KL,N7,60.95491,138.02683,-138.02683
KL,N8,60.95509,138.02648,-138.02648
KL,N9,60.95532,138.02608,-138.02608
KL,N10,60.95552,138.02573,-138.02573
KL,N11,60.95572,138.02539,-138.02539
KL,N12,60.95592,138.02501,-138.02501
KL,N13,60.95613,138.02466,-138.02466
KL,N14,60.95634,138.02422,-138.02422
KL,N15,60.95653,138.02385,-138.02385
KL,N16,60.95668,138.02339,-138.02339
KL,O0,60.95336,138.0289,-138.0289
KL,O1,60.95344,138.02869,-138.02869
KL,O2,60.95364,138.02835,-138.02835
KL,O3,60.95383,138.0279,-138.0279
KL,O4,60.95404,138.02753,-138.02753
KL,O5,60.95425,138.02715,-138.02715
KL,O6,60.95447,138.02679,-138.02679
KL,O7,60.95468,138.02648,-138.02648
KL,O8,60.95493,138.02624,-138.02624
KL,O9,60.9551,138.0259,-138.0259
KL,O10,60.95532,138.02557,-138.02557
KL,O11,60.95553,138.02523,-138.02523
KL,O12,60.95578,138.02457,-138.02457
KL,O13,60.95605,138.02367,-138.02367
KL,O14,60.95606,138.02297,-138.02297
KL,P0,60.95316,138.02851,-138.02851
KL,P1,60.95328,138.02826,-138.02826
KL,P2,60.95344,138.02788,-138.02788
KL,P3,60.95368,138.02745,-138.02745
JO,A1,60.96934,138.07877,-138.07877
JO,A2,60.96914,138.07893,-138.07893
JO,A3,60.96891,138.07915,-138.07915
JO,A4,60.96871,138.07939,-138.07939
JO,A5,60.96841,138.07962,-138.07962
JO,A6,60.96821,138.07979,-138.07979
JO,A7,60.96795,138.08002,-138.08002
JO,A8,60.96759,138.0804,-138.0804
JO,A9,60.96743,138.08058,-138.08058
JO,A10,60.96722,138.0808,-138.0808
JO,A11,60.967,138.08093,-138.08093
JO,A12,60.96675,138.08121,-138.08121
JO,A13,60.96646,138.08138,-138.08138
JO,A14,60.9662,138.08153,-138.08153
JO,A15,60.96595,138.0818,-138.0818
JO,A16,60.96567,138.08209,-138.08209
JO,A17,60.9654,138.08228,-138.08228
JO,A18,60.96516,138.08247,-138.08247
JO,A19,60.96482,138.0827,-138.0827
JO,A20,60.96466,138.08296,-138.08296
JO,B1,60.96936,138.0793,-138.0793
JO,B2,60.96915,138.07954,-138.07954
JO,B3,60.96889,138.07982,-138.07982
JO,B4,60.96862,138.08003,-138.08003
JO,B5,60.96839,138.08028,-138.08028
JO,B6,60.96817,138.08047,-138.08047
JO,B7,60.96796,138.08061,-138.08061
JO,B8,60.96769,138.08095,-138.08095
JO,B9,60.96741,138.08122,-138.08122
JO,B10,60.96725,138.08136,-138.08136
JO,B11,60.96693,138.0816,-138.0816
JO,B12,60.96668,138.08179,-138.08179
JO,B13,60.96646,138.08197,-138.08197
JO,B14,60.96622,138.08215,-138.08215
JO,B15,60.96593,138.08252,-138.08252
JO,B16,60.96571,138.08264,-138.08264
JO,B17,60.96545,138.08286,-138.08286
JO,B18,60.96521,138.0831,-138.0831
JO,B19,60.96497,138.08325,-138.08325
JO,B20,60.96474,138.0834,-138.0834
JO,C1,60.96948,138.0797,-138.0797
JO,C2,60.96939,138.07997,-138.07997
JO,C3,60.9692,138.08008,-138.08008
JO,C4,60.969,138.08035,-138.08035
JO,C5,60.96863,138.0806,-138.0806
JO,C6,60.96835,138.08087,-138.08087
JO,C7,60.96812,138.08112,-138.08112
JO,C8,60.96785,138.08138,-138.08138
JO,C9,60.96764,138.08159,-138.08159
JO,C10,60.96742,138.08186,-138.08186
JO,C11,60.96717,138.08203,-138.08203
JO,C12,60.96659,138.0825,-138.0825
JO,C13,60.96657,138.08253,-138.08253
JO,C14,60.96634,138.08267,-138.08267
JO,C15,60.96608,138.08298,-138.08298
JO,C16,60.96585,138.08315,-138.08315
JO,C17,60.96565,138.08327,-138.08327
JO,C18,60.9654,138.0835,-138.0835
JO,C19,60.96513,138.08365,-138.08365
JO,C20,60.96488,138.08394,-138.08394
JO,D1,60.9696,138.08037,-138.08037
JO,D2,60.96934,138.08063,-138.08063
JO,D3,60.9691,138.08084,-138.08084
JO,D4,60.96887,138.08102,-138.08102
JO,D5,60.96866,138.0813,-138.0813
JO,D6,60.96841,138.08147,-138.08147
JO,D7,60.96818,138.08167,-138.08167
JO,D8,60.96791,138.08191,-138.08191
JO,D9,60.96772,138.08218,-138.08218
JO,D10,60.96744,138.08243,-138.08243
JO,D11,60.96719,138.08257,-138.08257
JO,D12,60.96692,138.08284,-138.08284
JO,D13,60.96663,138.08304,-138.08304
JO,D14,60.96644,138.08327,-138.08327
JO,D15,60.96603,138.08365,-138.08365
JO,D16,60.96593,138.08376,-138.08376
JO,D17,60.96563,138.08395,-138.08395
JO,D18,60.96542,138.08403,-138.08403
JO,D19,60.96517,138.08421,-138.08421
JO,D20,60.9649,138.0843,-138.0843
JO,E1,60.97002,138.08041,-138.08041
JO,E2,60.96948,138.08099,-138.08099
JO,E3,60.96924,138.08122,-138.08122
JO,E4,60.96903,138.08145,-138.08145
JO,E5,60.96882,138.08168,-138.08168
JO,E6,60.96859,138.08186,-138.08186
JO,E7,60.96834,138.08229,-138.08229
JO,E8,60.96806,138.08235,-138.08235
JO,E9,60.96789,138.08263,-138.08263
JO,E10,60.9676,138.08289,-138.08289
JO,E11,60.96737,138.08296,-138.08296
JO,E12,60.96713,138.08321,-138.08321
JO,E13,60.96687,138.08342,-138.08342
JO,E14,60.96659,138.0836,-138.0836
JO,E15,60.96635,138.08395,-138.08395
JO,E16,60.96608,138.08409,-138.08409
JO,E17,60.96587,138.08437,-138.08437
JO,E18,60.9655,138.08467,-138.08467
JO,E19,60.96528,138.08481,-138.08481
JO,E20,60.96502,138.08496,-138.08496
JO,F1,60.96975,138.08136,-138.08136
JO,F2,60.96949,138.08156,-138.08156
JO,F3,60.96929,138.08191,-138.08191
JO,F4,60.96898,138.08209,-138.08209
JO,F5,60.96875,138.08231,-138.08231
JO,F6,60.96859,138.08247,-138.08247
JO,F7,60.96835,138.08273,-138.08273
JO,F8,60.96812,138.08296,-138.08296
JO,F9,60.96782,138.08324,-138.08324
JO,F10,60.96758,138.08348,-138.08348
JO,F11,60.96738,138.0836,-138.0836
JO,F12,60.96708,138.08385,-138.08385
JO,F13,60.9668,138.08406,-138.08406
JO,F14,60.96667,138.08423,-138.08423
JO,F15,60.96629,138.08463,-138.08463
JO,F16,60.96607,138.08467,-138.08467
JO,F17,60.96589,138.08501,-138.08501
JO,F18,60.9655,138.08514,-138.08514
JO,F19,60.96524,138.08531,-138.08531
JO,F20,60.96506,138.08565,-138.08565
JO,G1,60.97011,138.08101,-138.08101
JO,G2,60.96972,138.0818,-138.0818
JO,G3,60.96927,138.08244,-138.08244
JO,G4,60.96909,138.08266,-138.08266
JO,G5,60.96893,138.08279,-138.08279
JO,G6,60.96871,138.08308,-138.08308
JO,G7,60.96851,138.08325,-138.08325
JO,G8,60.96831,138.08344,-138.08344
JO,G9,60.96806,138.08365,-138.08365
JO,G10,60.96783,138.08382,-138.08382
JO,G11,60.96761,138.08401,-138.08401
JO,G12,60.96739,138.08429,-138.08429
JO,G13,60.96709,138.08447,-138.08447
JO,G14,60.96685,138.08464,-138.08464
JO,G15,60.96662,138.08499,-138.08499
JO,G16,60.96638,138.08522,-138.08522
JO,G17,60.96609,138.08553,-138.08553
JO,G18,60.96581,138.08575,-138.08575
JO,G19,60.96558,138.08595,-138.08595
JO,G20,60.96531,138.08617,-138.08617
JO,H1,60.97005,138.08249,-138.08249
JO,H2,60.96984,138.08258,-138.08258
JO,H3,60.96954,138.08284,-138.08284
JO,H4,60.96931,138.08315,-138.08315
JO,H5,60.96904,138.08334,-138.08334
JO,H6,60.96886,138.08354,-138.08354
JO,H7,60.96859,138.08379,-138.08379
JO,H8,60.96833,138.08411,-138.08411
JO,H9,60.96809,138.0843,-138.0843
JO,H10,60.96777,138.08446,-138.08446
JO,H11,60.96756,138.08473,-138.08473
JO,H12,60.96737,138.08492,-138.08492
JO,H13,60.967,138.08514,-138.08514
JO,H14,60.96684,138.08534,-138.08534
JO,H15,60.96658,138.08569,-138.08569
JO,H16,60.96633,138.08597,-138.08597
JO,H17,60.96627,138.08662,-138.08662
JO,H18,60.96584,138.08636,-138.08636
JO,H19,60.96569,138.0865,-138.0865
JO,H20,60.96539,138.08687,-138.08687
JO,I1,60.97023,138.08282,-138.08282
JO,I2,60.97002,138.08301,-138.08301
JO,I3,60.96981,138.08316,-138.08316
JO,I4,60.96962,138.08334,-138.08334
JO,I5,60.96937,138.0836,-138.0836
JO,I6,60.96907,138.08385,-138.08385
JO,I7,60.9688,138.08412,-138.08412
JO,I8,60.96861,138.08434,-138.08434
JO,I9,60.96834,138.08452,-138.08452
JO,I10,60.96811,138.0847,-138.0847
JO,I11,60.96785,138.0849,-138.0849
JO,I12,60.9676,138.08519,-138.08519
JO,I13,60.96731,138.08546,-138.08546
JO,I14,60.96712,138.08553,-138.08553
JO,I15,60.96688,138.08591,-138.08591
JO,I16,60.96658,138.08615,-138.08615
JO,I17,0,0,0
JO,I18,60.96605,138.08673,-138.08673
JO,I19,60.96582,138.08688,-138.08688
JO,I20,60.96559,138.08705,-138.08705
JO,J1,60.9703,138.08336,-138.08336
JO,J2,60.97009,138.08348,-138.08348
JO,J3,60.96983,138.08383,-138.08383
JO,J4,60.9696,138.08412,-138.08412
JO,J5,60.96936,138.08429,-138.08429
JO,J6,60.96913,138.08447,-138.08447
JO,J7,60.96881,138.08481,-138.08481
JO,J8,60.96862,138.08504,-138.08504
JO,J9,60.96834,138.08521,-138.08521
JO,J10,60.96816,138.08531,-138.08531
JO,J11,60.96785,138.08568,-138.08568
JO,J12,60.96754,138.08591,-138.08591
JO,J13,60.96728,138.08611,-138.08611
JO,J14,60.96709,138.0863,-138.0863
JO,J15,60.96685,138.08665,-138.08665
JO,J16,60.96659,138.08698,-138.08698
JO,J17,60.96631,138.0872,-138.0872
JO,J18,60.966,138.08734,-138.08734
JO,J19,60.96574,138.08755,-138.08755
JO,J20,60.96553,138.08774,-138.08774
JO,K1,60.97042,138.0838,-138.0838
JO,K2,60.97029,138.08403,-138.08403
JO,K3,60.97002,138.08414,-138.08414
JO,K4,60.9697,138.08455,-138.08455
JO,K5,60.96951,138.08473,-138.08473
JO,K6,60.96928,138.08495,-138.08495
JO,K7,60.96907,138.08519,-138.08519
JO,K8,60.96882,138.08536,-138.08536
JO,K9,60.96855,138.08559,-138.08559
JO,K10,60.96832,138.08578,-138.08578
JO,K11,60.96801,138.08606,-138.08606
JO,K12,60.9678,138.08632,-138.08632
JO,K13,60.96752,138.08656,-138.08656
JO,K14,60.96731,138.0867,-138.0867
JO,K15,60.96695,138.08696,-138.08696
JO,K16,60.96677,138.08727,-138.08727
JO,K17,60.96654,138.08751,-138.08751
JO,K18,60.96635,138.08783,-138.08783
JO,K19,60.96609,138.08794,-138.08794
JO,K20,60.96577,138.08806,-138.08806
JO,L1,60.97043,138.08432,-138.08432
JO,L2,60.97019,138.08458,-138.08458
JO,L3,60.96994,138.08485,-138.08485
JO,L4,60.96969,138.08504,-138.08504
JO,L5,60.96949,138.08527,-138.08527
JO,L6,60.9692,138.08556,-138.08556
JO,L7,60.96899,138.08572,-138.08572
JO,L8,60.96877,138.08595,-138.08595
JO,L9,60.96852,138.08624,-138.08624
JO,L10,60.96827,138.08633,-138.08633
JO,L11,60.96804,138.08658,-138.08658
JO,L12,60.96774,138.08688,-138.08688
JO,L13,60.96751,138.08707,-138.08707
JO,L14,60.96727,138.08727,-138.08727
JO,L15,60.96707,138.08757,-138.08757
JO,L16,60.96679,138.08783,-138.08783
JO,L17,60.96647,138.08821,-138.08821
JO,L18,60.96624,138.08833,-138.08833
JO,L19,60.96601,138.08855,-138.08855
JO,L20,60.96581,138.08876,-138.08876
JO,M1,60.97063,138.08475,-138.08475
JO,M2,60.97043,138.08496,-138.08496
JO,M3,60.97016,138.08528,-138.08528
JO,M4,60.96999,138.08551,-138.08551
JO,M5,60.96976,138.08577,-138.08577
JO,M6,60.96952,138.08597,-138.08597
JO,M7,60.9692,138.08621,-138.08621
JO,M8,60.96899,138.08647,-138.08647
JO,M9,60.9688,138.08664,-138.08664
JO,M10,60.96851,138.08685,-138.08685
JO,M11,60.96831,138.08704,-138.08704
JO,M12,60.96801,138.08722,-138.08722
JO,M13,60.96747,138.08771,-138.08771
JO,M14,60.96743,138.08774,-138.08774
JO,M15,60.9673,138.08786,-138.08786
JO,M16,60.96708,138.08823,-138.08823
JO,M17,60.96675,138.08861,-138.08861
JO,M18,60.96655,138.08875,-138.08875
JO,M19,60.96627,138.08894,-138.08894
JO,M20,60.96605,138.08916,-138.08916
JO,N1,60.97073,138.08528,-138.08528
JO,N2,60.97049,138.08553,-138.08553
JO,N3,60.97025,138.08575,-138.08575
JO,N4,60.97001,138.08609,-138.08609
JO,N5,60.96981,138.08629,-138.08629
JO,N6,60.96954,138.08649,-138.08649
JO,N7,60.96925,138.08673,-138.08673
JO,N8,60.96901,138.08698,-138.08698
JO,N9,60.9688,138.08717,-138.08717
JO,N10,60.9685,138.08739,-138.08739
JO,N11,0,0,0
JO,N12,60.96806,138.08783,-138.08783
JO,N13,60.96776,138.08807,-138.08807
JO,N14,60.96759,138.08821,-138.08821
JO,N15,60.96728,138.08856,-138.08856
JO,N16,60.967,138.08887,-138.08887
JO,N17,60.96671,138.0892,-138.0892
JO,N18,60.96643,138.08936,-138.08936
JO,N19,60.96621,138.0896,-138.0896
JO,N20,60.96603,138.08974,-138.08974
JO,O1,60.97086,138.08574,-138.08574
JO,O2,60.97063,138.08594,-138.08594
JO,O3,60.97042,138.08615,-138.08615
JO,O4,60.97018,138.08649,-138.08649
JO,O5,60.96997,138.08673,-138.08673
JO,O6,60.9697,138.08688,-138.08688
JO,O7,60.96942,138.08713,-138.08713
JO,O8,60.96919,138.08734,-138.08734
JO,O9,60.96894,138.0876,-138.0876
JO,O10,60.96874,138.08777,-138.08777
JO,O11,60.96852,138.08804,-138.08804
JO,O12,60.96827,138.08827,-138.08827
JO,O13,60.96802,138.08846,-138.08846
JO,O14,60.96778,138.0887,-138.0887
JO,O15,60.96743,138.08893,-138.08893
JO,O16,60.96722,138.08916,-138.08916
JO,O17,60.96705,138.08929,-138.08929
JO,O18,60.96684,138.08946,-138.08946
JO,O19,60.96656,138.08957,-138.08957
JO,O20,60.96635,138.08975,-138.08975
JO,P1,60.97099,138.08632,-138.08632
JO,P2,60.97076,138.08653,-138.08653
JO,P3,60.97047,138.08676,-138.08676
JO,P4,60.97025,138.08705,-138.08705
JO,P5,60.97002,138.08731,-138.08731
JO,P6,60.96973,138.08749,-138.08749
JO,P7,60.96949,138.08783,-138.08783
JO,P8,60.96927,138.08803,-138.08803
JO,P9,60.96902,138.08836,-138.08836
JO,P10,60.96872,138.08841,-138.08841
JO,P11,60.9685,138.0887,-138.0887
JO,P12,60.96824,138.08894,-138.08894
JO,P13,60.96802,138.089,-138.089
JO,P14,60.96781,138.08931,-138.08931
JO,P15,60.96754,138.08965,-138.08965
JO,P16,60.96732,138.0898,-138.0898
JO,P17,60.96716,138.08987,-138.08987
JO,P18,60.96682,138.09006,-138.09006
JO,P19,60.96656,138.09032,-138.09032
JO,P20,60.96633,138.09044,-138.09044
JO,Q1,60.97118,138.08676,-138.08676
JO,Q2,60.97087,138.08708,-138.08708
JO,Q3,60.97072,138.0871,-138.0871
JO,Q4,60.97043,138.08746,-138.08746
JO,Q5,60.9702,138.08772,-138.08772
JO,Q6,60.96994,138.08791,-138.08791
JO,Q7,60.96974,138.08813,-138.08813
JO,Q8,60.96947,138.08844,-138.08844
JO,Q9,60.96919,138.08862,-138.08862
JO,Q10,60.96896,138.08878,-138.08878
JO,Q11,60.96876,138.08904,-138.08904
JO,Q12,60.96851,138.08926,-138.08926
JO,Q13,60.96825,138.08948,-138.08948
JO,Q14,60.96795,138.08971,-138.08971
JO,Q15,60.9677,138.09009,-138.09009
JO,Q16,60.96745,138.09033,-138.09033
JO,Q17,60.96727,138.09042,-138.09042
JO,Q18,60.96705,138.09055,-138.09055
JO,Q19,60.96674,138.09074,-138.09074
JO,Q20,60.96653,138.09084,-138.09084
JO,R1,60.97124,138.08737,-138.08737
JO,R2,60.97105,138.08751,-138.08751
JO,R3,60.97078,138.08772,-138.08772
JO,R4,60.97054,138.08794,-138.08794
JO,R5,60.97024,138.0883,-138.0883
JO,R6,60.96998,138.08853,-138.08853
JO,R7,60.96976,138.08878,-138.08878
JO,R8,60.96945,138.08905,-138.08905
JO,R9,60.96926,138.08931,-138.08931
JO,R10,60.96893,138.08958,-138.08958
JO,R11,60.9687,138.08978,-138.08978
JO,R12,60.96841,138.09009,-138.09009
JO,R13,60.9682,138.09013,-138.09013
JO,R14,60.96794,138.09042,-138.09042
JO,R15,60.96781,138.09052,-138.09052
JO,R16,60.96753,138.09081,-138.09081
JO,R17,60.96726,138.09106,-138.09106
JO,R18,60.96703,138.09116,-138.09116
JO,R19,60.96676,138.09125,-138.09125
JO,R20,60.96649,138.09138,-138.09138
JO,T1,60.97145,138.08827,-138.08827
JO,T2,60.97116,138.08852,-138.08852
JO,T3,60.97094,138.08875,-138.08875
JO,T4,60.97071,138.08904,-138.08904
JO,T5,60.97047,138.08926,-138.08926
JO,T6,60.97023,138.08948,-138.08948
JO,T7,60.96999,138.08974,-138.08974
JO,T8,60.96971,138.09001,-138.09001
JO,T9,60.96949,138.09024,-138.09024
JO,T10,60.96925,138.09053,-138.09053
JO,T11,60.9691,138.09065,-138.09065
JO,T12,60.96861,138.09082,-138.09082
JO,T13,60.96846,138.09106,-138.09106
JO,T14,60.96821,138.09113,-138.09113
JO,T15,60.96805,138.09145,-138.09145
JO,T16,60.9677,138.09169,-138.09169
JO,T17,60.96757,138.09177,-138.09177
JO,T18,60.9673,138.09195,-138.09195
JO,T19,60.96703,138.09215,-138.09215
JO,T20,60.96691,138.09227,-138.09227
